t,count,max,mean,min,stddev,p50,p75,p95,p98,p99,p999,mean_rate,m1_rate,m5_rate,m15_rate,rate_unit,duration_unit
1440002677,0,0.000000,0.000000,0.000000,0.000000,0.000000,0.000000,0.000000,0.000000,0.000000,0.000000,0.000000,0.000000,0.000000,0.000000,calls/second,milliseconds
1440002678,13,1137.351933,807.212843,626.524306,171.737323,766.180407,953.037765,1137.351933,1137.351933,1137.351933,1137.351933,6.450248,0.000000,0.000000,0.000000,calls/second,milliseconds
1440002679,52,1797.277606,1368.076859,626.524306,382.944200,1443.917732,1722.214652,1793.354909,1797.063383,1797.277606,1797.277606,17.255023,0.000000,0.000000,0.000000,calls/second,milliseconds
1440002680,62,2653.133373,1523.347960,626.524306,508.094887,1573.865627,1778.089589,2558.189748,2639.058738,2653.133373,2653.133373,15.446064,0.000000,0.000000,0.000000,calls/second,milliseconds
1440002681,79,3627.267060,1896.419340,626.524306,855.014625,1727.716832,2583.681559,3576.263549,3606.637541,3627.267060,3627.267060,15.757871,15.800000,15.800000,15.800000,calls/second,milliseconds
1440002682,85,4423.066898,2049.762296,626.524306,997.897988,1758.917490,2918.196439,3998.716110,4290.939765,4423.066898,4423.066898,14.135912,15.800000,15.800000,15.800000,calls/second,milliseconds
1440002683,117,5476.270496,2888.926222,626.524306,1619.681835,2413.736153,4748.791481,5345.266350,5450.020846,5473.723858,5476.270496,16.682866,15.800000,15.800000,15.800000,calls/second,milliseconds
1440002684,165,6282.512208,3773.352391,626.524306,1947.298811,4091.700542,5637.693225,6189.358028,6259.776938,6275.216255,6282.512208,20.590267,15.800000,15.800000,15.800000,calls/second,milliseconds
1440002685,220,7027.978810,4489.032471,626.524306,2096.882304,5329.452016,6291.404579,6891.885988,7006.896160,7014.448605,7027.978810,24.408828,15.800000,15.800000,15.800000,calls/second,milliseconds
1440002686,5968,8675.342659,4132.788392,237.625501,2218.646187,4044.367878,6112.970631,7584.832337,8118.209125,8368.957152,8674.991977,596.470643,71.305167,27.274117,19.645974,calls/second,milliseconds
1440002687,7206,8675.342659,3678.004126,237.625501,2269.244189,3352.489513,5648.403310,7498.355009,8077.407283,8340.307499,8674.991977,654.232599,71.305167,27.274117,19.645974,calls/second,milliseconds
1440002688,7244,8675.342659,3672.353434,237.625501,2269.081270,3350.089018,5642.064462,7498.355009,8077.407283,8340.307499,8674.991977,602.967832,71.305167,27.274117,19.645974,calls/second,milliseconds
1440002689,7273,8675.342659,3660.649686,237.625501,2269.039424,3316.533187,5637.598339,7498.355009,8077.407283,8340.307499,8674.991977,558.870128,71.305167,27.274117,19.645974,calls/second,milliseconds
1440002690,7307,8675.342659,3656.010603,237.625501,2259.021848,3320.731843,5610.996190,7456.847622,8077.407283,8340.307499,8674.991977,521.401271,71.305167,27.274117,19.645974,calls/second,milliseconds
1440002691,7348,8675.342659,3665.238303,237.625501,2255.867550,3350.089018,5610.996190,7456.847622,8077.407283,8340.307499,8674.991977,489.408433,125.042903,39.110636,23.655681,calls/second,milliseconds
1440002692,7401,8675.342659,3675.641507,237.625501,2249.198321,3355.904760,5574.645006,7442.645826,8057.977123,8331.732339,8674.991977,462.163141,125.042903,39.110636,23.655681,calls/second,milliseconds
1440002693,12225,8595.073620,3944.311375,182.274754,2032.275932,3937.251761,5724.787437,7087.013533,7598.218145,8050.984165,8588.488265,720.054961,125.042903,39.110636,23.655681,calls/second,milliseconds
1440002694,14983,8595.073620,3676.418724,182.274754,1956.492417,3531.721084,5236.605408,6811.197699,7545.265492,7807.503990,8588.913126,831.757378,125.042903,39.110636,23.655681,calls/second,milliseconds
1440002695,15068,8595.073620,3658.296116,182.274754,1962.468062,3487.585146,5227.381611,6811.197699,7545.265492,7807.503990,8588.913126,792.501794,125.042903,39.110636,23.655681,calls/second,milliseconds
1440002696,15217,8595.073620,3643.303872,182.274754,1956.755835,3457.082962,5219.214502,6811.197699,7545.265492,7807.503990,8588.913126,760.344496,240.511329,64.400789,32.218231,calls/second,milliseconds
1440002697,18542,8595.073620,3256.791494,91.419351,1966.633352,2830.512017,4840.278453,6683.869684,7401.018028,7675.122477,8588.913126,882.404339,240.511329,64.400789,32.218231,calls/second,milliseconds
1440002698,18598,8595.073620,3241.459997,91.419351,1964.532292,2817.458058,4801.622099,6675.742366,7401.018028,7675.122477,8588.913126,844.852938,240.511329,64.400789,32.218231,calls/second,milliseconds
1440002699,18667,8595.073620,3235.609003,91.419351,1966.098678,2794.267447,4801.622099,6675.742366,7401.018028,7675.122477,8588.913126,811.145515,240.511329,64.400789,32.218231,calls/second,milliseconds
1440002700,18718,8595.073620,3230.704843,91.419351,1959.457507,2794.267447,4798.276466,6668.109744,7334.188058,7621.241002,8586.962236,779.490313,240.511329,64.400789,32.218231,calls/second,milliseconds
1440002701,18779,8595.073620,3238.160151,91.419351,1957.023691,2821.516092,4798.276466,6668.109744,7334.188058,7621.241002,8586.962236,750.764329,278.593269,75.184000,36.010918,calls/second,milliseconds
1440002702,24482,8595.073620,3028.067366,91.419351,1857.194055,2712.738499,4355.581541,6475.694528,7050.961147,7591.797817,8586.962236,941.132145,278.593269,75.184000,36.010918,calls/second,milliseconds
1440002703,24511,8595.073620,3028.067366,91.419351,1857.194055,2712.738499,4355.581541,6475.694528,7050.961147,7591.797817,8586.962236,907.377044,278.593269,75.184000,36.010918,calls/second,milliseconds
1440002704,24534,8595.073620,3024.011441,91.419351,1855.015939,2707.561522,4349.384511,6475.694528,7050.961147,7591.797817,8586.962236,875.807739,278.593269,75.184000,36.010918,calls/second,milliseconds
1440002705,24572,8595.073620,3024.011441,91.419351,1855.015939,2707.561522,4349.384511,6475.694528,7050.961147,7591.797817,8586.962236,846.933818,278.593269,75.184000,36.010918,calls/second,milliseconds
1440002706,24608,8595.073620,3025.988254,91.419351,1854.705324,2712.738499,4349.384511,6475.694528,7050.961147,7591.797817,8586.962236,819.909683,349.578376,93.220214,42.273446,calls/second,milliseconds
1440002707,24654,8595.073620,3027.077682,91.419351,1855.262374,2712.738499,4355.581541,6475.694528,7050.961147,7591.797817,8586.962236,794.943742,349.578376,93.220214,42.273446,calls/second,milliseconds
1440002708,24720,8595.073620,3038.072344,91.419351,1860.781818,2740.320470,4366.668034,6475.694528,7050.961147,7591.797817,8586.962236,772.173655,349.578376,93.220214,42.273446,calls/second,milliseconds
1440002709,32212,8059.569502,3188.669270,91.419351,1902.743068,2936.121240,4637.335326,6563.277168,6912.470604,7229.666002,8055.593994,975.705572,349.578376,93.220214,42.273446,calls/second,milliseconds
1440002710,32320,8059.569502,3172.766049,91.419351,1904.690053,2919.602132,4617.423955,6554.218449,6912.470604,7229.666002,8055.593994,950.212464,349.578376,93.220214,42.273446,calls/second,milliseconds
1440002711,32361,8059.569502,3168.383980,91.419351,1903.538849,2912.054731,4585.117327,6554.218449,6912.470604,7229.666002,8055.593994,924.226629,445.558789,117.298666,50.626480,calls/second,milliseconds
1440002712,32393,8059.569502,3168.383980,91.419351,1903.538849,2912.054731,4585.117327,6554.218449,6912.470604,7229.666002,8055.593994,899.466943,445.558789,117.298666,50.626480,calls/second,milliseconds
1440002713,32424,8059.569502,3165.985488,91.419351,1900.240838,2919.602132,4552.243594,6554.218449,6912.470604,7229.666002,8055.593994,876.018558,445.558789,117.298666,50.626480,calls/second,milliseconds
1440002714,32455,8059.569502,3169.945676,91.419351,1898.757041,2924.839378,4552.243594,6554.218449,6912.470604,7229.666002,8055.593994,853.776276,445.558789,117.298666,50.626480,calls/second,milliseconds
1440002715,32516,8059.569502,3172.568063,91.419351,1899.140401,2936.121240,4585.117327,6554.218449,6912.470604,7229.666002,8055.593994,833.465707,445.558789,117.298666,50.626480,calls/second,milliseconds
1440002716,39616,8059.569502,3202.089346,91.419351,1845.278824,2976.203978,4669.030083,6376.859953,6781.993144,6998.780085,8052.693492,990.082577,525.997403,139.352727,58.388086,calls/second,milliseconds
1440002717,39662,8059.569502,3196.499098,91.419351,1847.115586,2963.541444,4666.731956,6376.859953,6781.993144,6998.780085,8052.693492,967.059283,525.997403,139.352727,58.388086,calls/second,milliseconds
1440002718,39722,8059.569502,3193.333511,91.419351,1847.816751,2959.586382,4666.731956,6376.859953,6781.993144,6998.780085,8052.693492,945.469307,525.997403,139.352727,58.388086,calls/second,milliseconds
1440002719,39803,8059.569502,3193.004750,91.419351,1843.808732,2967.722906,4659.426722,6370.839384,6781.993144,6998.780085,8052.693492,925.371101,525.997403,139.352727,58.388086,calls/second,milliseconds
1440002720,44751,8059.569502,3065.672438,91.419351,1793.213228,2786.151108,4345.735802,6260.902781,6710.449352,6939.487639,8052.693492,1016.764950,525.997403,139.352727,58.388086,calls/second,milliseconds
1440002721,45192,8059.569502,3032.550688,91.419351,1795.205883,2742.655970,4329.736388,6260.902781,6710.449352,6939.487639,8052.693492,1003.978058,573.091451,155.478758,64.241877,calls/second,milliseconds
1440002722,45230,8059.569502,3030.617984,91.419351,1796.254586,2737.978969,4329.736388,6260.902781,6710.449352,6939.487639,8052.693492,982.986427,573.091451,155.478758,64.241877,calls/second,milliseconds
1440002723,45265,8059.569502,3030.617984,91.419351,1796.254586,2737.978969,4329.736388,6260.902781,6710.449352,6939.487639,8052.693492,962.822485,573.091451,155.478758,64.241877,calls/second,milliseconds
1440002724,45296,8059.569502,3031.689599,91.419351,1795.868813,2742.655970,4329.736388,6260.902781,6710.449352,6939.487639,8052.693492,943.402667,573.091451,155.478758,64.241877,calls/second,milliseconds
1440002725,45344,8059.569502,3033.455133,91.419351,1796.464555,2742.655970,4331.091700,6260.902781,6710.449352,6939.487639,8052.693492,925.131856,573.091451,155.478758,64.241877,calls/second,milliseconds
1440002726,51360,7822.465725,3013.410005,91.419351,1776.895185,2742.655970,4347.052775,6175.511426,6688.165058,6833.625266,7816.234303,1026.919604,625.918789,173.301840,70.721407,calls/second,milliseconds
1440002727,51740,7822.465725,3006.145351,91.419351,1777.671409,2730.460644,4345.735802,6175.511426,6688.165058,6833.625266,7816.234303,1014.243155,625.918789,173.301840,70.721407,calls/second,milliseconds
1440002728,51740,7822.465725,3006.145351,91.419351,1777.671409,2730.460644,4345.735802,6175.511426,6688.165058,6833.625266,7816.234303,994.752948,625.918789,173.301840,70.721407,calls/second,milliseconds
1440002729,51740,7822.465725,3006.145351,91.419351,1777.671409,2730.460644,4345.735802,6175.511426,6688.165058,6833.625266,7816.234303,975.989808,625.918789,173.301840,70.721407,calls/second,milliseconds
1440002730,51740,7822.465725,3006.145351,91.419351,1777.671409,2730.460644,4345.735802,6175.511426,6688.165058,6833.625266,7816.234303,957.920815,625.918789,173.301840,70.721407,calls/second,milliseconds
1440002731,51740,7822.465725,3006.145351,91.419351,1777.671409,2730.460644,4345.735802,6175.511426,6688.165058,6833.625266,7816.234303,940.510097,581.949711,171.693582,70.750651,calls/second,milliseconds
1440002732,51740,7822.465725,3006.145351,91.419351,1777.671409,2730.460644,4345.735802,6175.511426,6688.165058,6833.625266,7816.234303,923.718732,581.949711,171.693582,70.750651,calls/second,milliseconds
1440002733,51896,7822.465725,3016.993720,91.419351,1779.426007,2738.481171,4350.297006,6189.594037,6673.970163,6809.840425,7805.495173,910.252490,581.949711,171.693582,70.750651,calls/second,milliseconds
1440002734,60621,7822.465725,3152.147391,108.941487,1831.147325,2862.212811,4644.953641,6358.836852,6705.583201,6903.554453,7805.495173,1044.958995,581.949711,171.693582,70.750651,calls/second,milliseconds
1440002735,60769,7822.465725,3145.128449,108.941487,1833.820544,2856.714421,4631.433474,6358.836852,6705.583201,6903.554453,7805.495173,1029.758285,581.949711,171.693582,70.750651,calls/second,milliseconds
1440002736,60833,7822.465725,3141.667642,108.941487,1833.015561,2844.321302,4630.049604,6358.836852,6705.583201,6903.554453,7805.495173,1013.664548,680.810817,198.911245,80.432894,calls/second,milliseconds
1440002737,60839,7822.465725,3141.667642,108.941487,1833.015561,2844.321302,4630.049604,6358.836852,6705.583201,6903.554453,7805.495173,997.150362,680.810817,198.911245,80.432894,calls/second,milliseconds
1440002738,60839,7822.465725,3141.667642,108.941487,1833.015561,2844.321302,4630.049604,6358.836852,6705.583201,6903.554453,7805.495173,981.073103,680.810817,198.911245,80.432894,calls/second,milliseconds
1440002739,60839,7822.465725,3141.667642,108.941487,1833.015561,2844.321302,4630.049604,6358.836852,6705.583201,6903.554453,7805.495173,965.497255,680.810817,198.911245,80.432894,calls/second,milliseconds
1440002740,60924,7822.465725,3150.971680,108.941487,1833.673931,2856.714421,4644.953641,6358.836852,6705.583201,6903.554453,7805.495173,951.748010,680.810817,198.911245,80.432894,calls/second,milliseconds
1440002741,68393,7822.465725,3145.963702,108.941487,1816.898604,2901.653298,4628.541732,6251.805832,6661.327427,6802.362032,7805.495173,1051.988805,747.253044,220.611388,88.362885,calls/second,milliseconds
1440002742,68883,7822.465725,3119.066257,108.941487,1816.038331,2881.723554,4608.356475,6239.770002,6661.327427,6802.362032,7805.495173,1043.470764,747.253044,220.611388,88.362885,calls/second,milliseconds
1440002743,68923,7822.465725,3119.066257,108.941487,1816.038331,2881.723554,4608.356475,6239.770002,6661.327427,6802.362032,7805.495173,1028.497051,747.253044,220.611388,88.362885,calls/second,milliseconds
1440002744,69127,7822.465725,3119.035485,108.941487,1814.995971,2881.723554,4608.356475,6239.770002,6661.327427,6802.362032,7805.495173,1016.383979,747.253044,220.611388,88.362885,calls/second,milliseconds
1440002745,69169,7822.465725,3117.604296,108.941487,1814.419430,2885.338913,4608.356475,6239.770002,6661.327427,6802.362032,7805.495173,1002.263795,747.253044,220.611388,88.362885,calls/second,milliseconds
1440002746,71421,7822.465725,3124.197406,108.941487,1767.583337,2940.365877,4515.626906,6211.157490,6659.313997,6791.093151,7803.619283,1020.115530,735.959074,226.981301,91.230673,calls/second,milliseconds
1440002747,75222,7822.465725,3086.545443,108.941487,1739.776525,2885.338913,4474.594160,6123.179880,6603.417976,6753.617706,7803.619283,1059.265775,735.959074,226.981301,91.230673,calls/second,milliseconds
1440002748,75289,7822.465725,3083.609794,108.941487,1739.637182,2881.723554,4474.096544,6123.179880,6603.417976,6753.617706,7803.619283,1045.496459,735.959074,226.981301,91.230673,calls/second,milliseconds
1440002749,78374,7822.465725,2941.932654,24.400115,1760.687033,2689.668160,4329.176666,6071.189803,6579.489412,6731.747256,7800.997130,1073.428246,735.959074,226.981301,91.230673,calls/second,milliseconds
1440002750,78421,7822.465725,2941.451550,24.400115,1761.115262,2689.668160,4329.176666,6071.189803,6579.489412,6731.747256,7800.997130,1059.560607,735.959074,226.981301,91.230673,calls/second,milliseconds
1440002751,78466,7822.465725,2939.571582,24.400115,1761.490899,2687.140479,4329.176666,6071.189803,6579.489412,6731.747256,7800.997130,1045.718534,789.772455,246.518352,98.531316,calls/second,milliseconds
1440002752,78500,7822.465725,2941.191747,24.400115,1760.559553,2689.668160,4329.176666,6071.189803,6579.489412,6731.747256,7800.997130,1032.721913,789.772455,246.518352,98.531316,calls/second,milliseconds
1440002753,78547,7822.465725,2941.191747,24.400115,1760.559553,2689.668160,4329.176666,6071.189803,6579.489412,6731.747256,7800.997130,1019.922373,789.772455,246.518352,98.531316,calls/second,milliseconds
1440002754,84723,7822.465725,2892.225422,24.400115,1731.557281,2685.095959,4274.128178,6000.088291,6542.642712,6691.824013,7800.997130,1086.014894,789.772455,246.518352,98.531316,calls/second,milliseconds
1440002755,85113,7822.465725,2886.575746,24.400115,1733.527872,2679.449106,4270.155366,6000.088291,6542.642712,6691.824013,7800.997130,1077.197276,789.772455,246.518352,98.531316,calls/second,milliseconds
1440002756,85201,7822.465725,2884.066195,24.400115,1732.902692,2675.538197,4262.490770,6000.088291,6542.642712,6691.824013,7800.997130,1064.843590,834.309919,264.704408,105.446914,calls/second,milliseconds
1440002757,85261,7822.465725,2884.066195,24.400115,1732.902692,2675.538197,4262.490770,6000.088291,6542.642712,6691.824013,7800.997130,1052.439797,834.309919,264.704408,105.446914,calls/second,milliseconds
1440002758,85310,7822.465725,2885.504680,24.400115,1731.294412,2679.449106,4262.490770,6000.088291,6542.642712,6691.824013,7800.997130,1040.204309,834.309919,264.704408,105.446914,calls/second,milliseconds
1440002759,85356,7822.465725,2885.504680,24.400115,1731.294412,2679.449106,4262.490770,6000.088291,6542.642712,6691.824013,7800.997130,1028.227133,834.309919,264.704408,105.446914,calls/second,milliseconds
1440002760,85356,7822.465725,2885.504680,24.400115,1731.294412,2679.449106,4262.490770,6000.088291,6542.642712,6691.824013,7800.997130,1015.988075,834.309919,264.704408,105.446914,calls/second,milliseconds
1440002761,92870,7822.465725,3002.864981,24.400115,1735.989954,2886.487645,4337.170410,5996.701457,6579.489412,6726.601008,7800.997130,1092.425563,890.222066,285.677407,113.359099,calls/second,milliseconds
1440002762,93454,7822.465725,2985.886228,24.400115,1741.768219,2874.324715,4328.326383,5996.701457,6579.489412,6726.601008,7800.997130,1086.510890,890.222066,285.677407,113.359099,calls/second,milliseconds
1440002763,93498,7822.465725,2979.151315,24.400115,1743.290330,2867.422966,4320.684939,5996.701457,6579.489412,6726.601008,7800.997130,1074.533396,890.222066,285.677407,113.359099,calls/second,milliseconds
1440002764,96008,7822.465725,2910.118590,29.092676,1742.206520,2717.311075,4285.921817,5962.652265,6563.986992,6700.606984,7800.997130,1090.842478,890.222066,285.677407,113.359099,calls/second,milliseconds
1440002765,96043,7822.465725,2910.118590,29.092676,1742.206520,2717.311075,4285.921817,5962.652265,6563.986992,6700.606984,7800.997130,1078.981022,890.222066,285.677407,113.359099,calls/second,milliseconds
1440002766,96091,7822.465725,2910.551866,29.092676,1742.024455,2717.311075,4285.921817,5962.652265,6563.986992,6700.606984,7800.997130,1067.527148,870.551228,291.603265,116.300038,calls/second,milliseconds
1440002767,96131,7822.465725,2912.943227,29.092676,1739.794361,2717.311075,4285.921817,5962.652265,6563.986992,6700.606984,7800.997130,1056.237053,870.551228,291.603265,116.300038,calls/second,milliseconds
1440002768,96157,7822.465725,2912.943227,29.092676,1739.794361,2717.311075,4285.921817,5962.652265,6563.986992,6700.606984,7800.997130,1045.041642,870.551228,291.603265,116.300038,calls/second,milliseconds
1440002769,96253,7822.465725,2912.943227,29.092676,1739.794361,2717.311075,4285.921817,5962.652265,6563.986992,6700.606984,7800.997130,1034.836491,870.551228,291.603265,116.300038,calls/second,milliseconds
1440002770,103256,7822.465725,2871.717813,29.092676,1718.346587,2709.073818,4222.590939,5809.502596,6461.261213,6700.606984,7800.997130,1098.319456,870.551228,291.603265,116.300038,calls/second,milliseconds
1440002771,103272,7822.465725,2871.717813,29.092676,1718.346587,2709.073818,4222.590939,5809.502596,6461.261213,6700.606984,7800.997130,1086.929446,915.809989,310.528396,123.614701,calls/second,milliseconds
1440002772,103302,7822.465725,2871.483147,29.092676,1718.433724,2709.073818,4222.590939,5809.502596,6461.261213,6700.606984,7800.997130,1075.921715,915.809989,310.528396,123.614701,calls/second,milliseconds
1440002773,103343,7822.465725,2868.550951,29.092676,1716.605196,2709.073818,4217.660622,5809.502596,6461.261213,6700.606984,7800.997130,1065.253871,915.809989,310.528396,123.614701,calls/second,milliseconds
1440002774,103385,7822.465725,2868.550951,29.092676,1716.605196,2709.073818,4217.660622,5809.502596,6461.261213,6700.606984,7800.997130,1054.811369,915.809989,310.528396,123.614701,calls/second,milliseconds
1440002775,103471,7822.465725,2872.529258,29.092676,1719.152029,2711.180072,4222.590939,5809.502596,6461.261213,6700.606984,7800.997130,1045.027425,915.809989,310.528396,123.614701,calls/second,milliseconds
1440002776,110125,7822.465725,2852.553931,29.092676,1707.798186,2596.235098,4184.285775,5749.803779,6461.261213,6700.606984,7800.997130,1101.111169,952.156999,328.046533,130.522081,calls/second,milliseconds
1440002777,110177,7822.465725,2852.553931,29.092676,1707.798186,2596.235098,4184.285775,5749.803779,6461.261213,6700.606984,7800.997130,1090.724456,952.156999,328.046533,130.522081,calls/second,milliseconds
1440002778,110217,7822.465725,2854.318612,29.092676,1706.595962,2596.235098,4184.285775,5749.803779,6461.261213,6700.606984,7800.997130,1080.424584,952.156999,328.046533,130.522081,calls/second,milliseconds
1440002779,110259,7822.465725,2854.318612,29.092676,1706.595962,2596.235098,4184.285775,5749.803779,6461.261213,6700.606984,7800.997130,1070.343839,952.156999,328.046533,130.522081,calls/second,milliseconds
1440002780,110305,7822.465725,2854.318612,29.092676,1706.595962,2596.235098,4184.285775,5749.803779,6461.261213,6700.606984,7800.997130,1060.496118,952.156999,328.046533,130.522081,calls/second,milliseconds
1440002781,112162,7822.465725,2891.953005,29.092676,1703.804982,2709.073818,4257.091175,5749.803779,6461.261213,6700.606984,7800.997130,1068.081515,908.616626,329.361436,132.057135,calls/second,milliseconds
1440002782,117595,7822.465725,2863.081716,29.092676,1681.490163,2665.976844,4192.471474,5723.328133,6401.779970,6675.902258,7800.997130,1109.254897,908.616626,329.361436,132.057135,calls/second,milliseconds
1440002783,117639,7822.465725,2863.384470,29.092676,1681.081855,2665.976844,4192.471474,5723.328133,6401.779970,6675.902258,7800.997130,1099.300342,908.616626,329.361436,132.057135,calls/second,milliseconds
1440002784,119720,7822.465725,2794.875677,14.980446,1681.069368,2536.298137,4112.512025,5722.185621,6386.049942,6652.452636,7800.997130,1108.388101,908.616626,329.361436,132.057135,calls/second,milliseconds
1440002785,119797,7822.465725,2794.875677,14.980446,1681.069368,2536.298137,4112.512025,5722.185621,6386.049942,6652.452636,7800.997130,1098.926484,908.616626,329.361436,132.057135,calls/second,milliseconds
1440002786,119835,7822.465725,2794.875677,14.980446,1681.069368,2536.298137,4112.512025,5722.185621,6386.049942,6652.452636,7800.997130,1089.284630,958.667493,349.282277,139.827435,calls/second,milliseconds
1440002787,119878,7822.465725,2794.371702,14.980446,1680.896659,2536.298137,4112.512025,5722.185621,6386.049942,6652.452636,7800.997130,1079.859054,958.667493,349.282277,139.827435,calls/second,milliseconds
1440002788,119915,7822.465725,2792.770976,14.980446,1679.111390,2536.298137,4107.042173,5722.185621,6386.049942,6652.452636,7800.997130,1070.548351,958.667493,349.282277,139.827435,calls/second,milliseconds
1440002789,125206,7822.465725,2786.236230,14.980446,1659.832435,2536.298137,4062.450504,5626.269283,6386.049942,6652.452636,7800.997130,1107.894687,958.667493,349.282277,139.827435,calls/second,milliseconds
1440002790,126585,7822.465725,2750.925307,14.980446,1661.179979,2466.654915,4042.147200,5610.331007,6374.873507,6621.868107,7800.997130,1110.269423,958.667493,349.282277,139.827435,calls/second,milliseconds
1440002791,126635,7822.465725,2752.515621,29.092676,1659.339729,2466.654915,4042.147200,5610.331007,6374.873507,6621.868107,7800.997130,1101.052575,990.756268,365.987972,146.587377,calls/second,milliseconds
1440002792,126659,7822.465725,2754.640204,29.092676,1657.619064,2474.952440,4042.147200,5610.331007,6374.873507,6621.868107,7800.997130,1091.769540,990.756268,365.987972,146.587377,calls/second,milliseconds
1440002793,126679,7822.465725,2754.640204,29.092676,1657.619064,2474.952440,4042.147200,5610.331007,6374.873507,6621.868107,7800.997130,1082.609933,990.756268,365.987972,146.587377,calls/second,milliseconds
1440002794,126713,7822.465725,2754.640204,29.092676,1657.619064,2474.952440,4042.147200,5610.331007,6374.873507,6621.868107,7800.997130,1073.723835,990.756268,365.987972,146.587377,calls/second,milliseconds
1440002795,126771,7822.465725,2756.811176,29.092676,1659.553215,2474.952440,4045.423447,5610.331007,6374.873507,6621.868107,7800.997130,1065.189031,990.756268,365.987972,146.587377,calls/second,milliseconds
1440002796,133553,7822.465725,2791.160854,29.092676,1685.549750,2515.270931,4178.003328,5610.331007,6217.835830,6598.563641,7800.997130,1112.823405,1022.022399,382.777868,153.430643,calls/second,milliseconds
1440002797,133668,7822.465725,2791.414087,29.092676,1685.291614,2515.270931,4178.003328,5610.331007,6217.835830,6598.563641,7800.997130,1104.577991,1022.022399,382.777868,153.430643,calls/second,milliseconds
1440002798,133702,7822.465725,2792.946528,29.092676,1684.083358,2515.270931,4178.003328,5610.331007,6217.835830,6598.563641,7800.997130,1095.803587,1022.022399,382.777868,153.430643,calls/second,milliseconds
1440002799,133740,7822.465725,2796.835056,29.092676,1681.685008,2522.025752,4178.003328,5610.331007,6217.835830,6598.563641,7800.997130,1087.204833,1022.022399,382.777868,153.430643,calls/second,milliseconds
1440002800,133749,7822.465725,2796.835056,29.092676,1681.685008,2522.025752,4178.003328,5610.331007,6217.835830,6598.563641,7800.997130,1078.510053,1022.022399,382.777868,153.430643,calls/second,milliseconds
1440002801,133749,7822.465725,2796.835056,29.092676,1681.685008,2522.025752,4178.003328,5610.331007,6217.835830,6598.563641,7800.997130,1069.883995,943.584179,377.128777,152.807760,calls/second,milliseconds
1440002802,133749,7822.465725,2796.835056,29.092676,1681.685008,2522.025752,4178.003328,5610.331007,6217.835830,6598.563641,7800.997130,1061.392501,943.584179,377.128777,152.807760,calls/second,milliseconds
1440002803,135782,7822.465725,2908.614769,29.092676,1751.405196,2709.291882,4323.080665,5775.444599,6579.489412,6760.976488,7816.806614,1069.044261,943.584179,377.128777,152.807760,calls/second,milliseconds
1440002804,142330,7627.323979,2928.028654,29.092676,1742.374646,2756.316530,4298.144708,5945.540084,6686.875737,6885.714325,7626.258526,1111.843642,943.584179,377.128777,152.807760,calls/second,milliseconds
1440002805,142362,7627.323979,2928.028654,29.092676,1742.374646,2756.316530,4298.144708,5945.540084,6686.875737,6885.714325,7626.258526,1103.474116,943.584179,377.128777,152.807760,calls/second,milliseconds
1440002806,142413,7627.323979,2928.485281,29.092676,1742.215126,2756.316530,4298.144708,5945.540084,6686.875737,6885.714325,7626.258526,1095.377912,1006.670401,399.532745,161.560049,calls/second,milliseconds
1440002807,142458,7627.323979,2929.779502,29.092676,1741.970152,2759.854522,4298.144708,5945.540084,6686.875737,6885.714325,7626.258526,1087.359852,1006.670401,399.532745,161.560049,calls/second,milliseconds
1440002808,142509,7627.323979,2929.779502,29.092676,1741.970152,2759.854522,4298.144708,5945.540084,6686.875737,6885.714325,7626.258526,1079.510052,1006.670401,399.532745,161.560049,calls/second,milliseconds
1440002809,149009,7627.323979,2914.081839,29.092676,1714.668282,2771.628559,4279.465565,5886.462712,6625.659009,6791.428016,7611.514494,1120.257623,1006.670401,399.532745,161.560049,calls/second,milliseconds
1440002810,149057,7627.323979,2911.674541,29.092676,1715.898775,2766.286178,4279.465565,5886.462712,6625.659009,6791.428016,7611.514494,1112.261451,1006.670401,399.532745,161.560049,calls/second,milliseconds
1440002811,149088,7627.323979,2908.350976,29.092676,1713.713513,2759.854522,4271.790248,5886.462712,6625.659009,6791.428016,7611.514494,1104.252641,1032.938177,414.997965,168.062193,calls/second,milliseconds
1440002812,151957,7627.323979,2869.149243,29.092676,1703.382181,2625.963041,4230.269413,5775.444599,6597.258908,6760.976488,7611.514494,1117.224967,1032.938177,414.997965,168.062193,calls/second,milliseconds
1440002813,151978,7627.323979,2866.855618,29.092676,1704.803983,2619.592793,4230.269413,5775.444599,6597.258908,6760.976488,7611.514494,1109.226952,1032.938177,414.997965,168.062193,calls/second,milliseconds
1440002814,151995,7627.323979,2866.855618,29.092676,1704.803983,2619.592793,4230.269413,5775.444599,6597.258908,6760.976488,7611.514494,1101.313184,1032.938177,414.997965,168.062193,calls/second,milliseconds
1440002815,152027,7627.323979,2866.855618,29.092676,1704.803983,2619.592793,4230.269413,5775.444599,6597.258908,6760.976488,7611.514494,1093.620122,1032.938177,414.997965,168.062193,calls/second,milliseconds
1440002816,152056,7627.323979,2866.251236,29.092676,1704.101255,2619.592793,4230.269413,5775.444599,6597.258908,6760.976488,7611.514494,1086.017191,997.810636,417.949997,170.419737,calls/second,milliseconds
1440002817,152070,7627.323979,2866.638613,29.092676,1704.522814,2619.592793,4230.269413,5775.444599,6597.258908,6760.976488,7611.514494,1078.414653,997.810636,417.949997,170.419737,calls/second,milliseconds
1440002818,152130,7627.323979,2866.638613,29.092676,1704.522814,2619.592793,4230.269413,5775.444599,6597.258908,6760.976488,7611.514494,1071.243481,997.810636,417.949997,170.419737,calls/second,milliseconds
1440002819,159017,7627.323979,2974.781834,29.092676,1765.777714,2790.874969,4323.080665,6175.936287,6725.820751,6871.052133,7618.832897,1111.908443,997.810636,417.949997,170.419737,calls/second,milliseconds
1440002820,159576,7627.323979,2952.388786,29.092676,1771.422622,2771.628559,4307.845543,6175.936287,6725.820751,6871.052133,7618.832897,1108.069458,997.810636,417.949997,170.419737,calls/second,milliseconds
1440002821,159704,7627.323979,2946.353840,29.092676,1771.996214,2759.854522,4305.022337,6175.936287,6725.820751,6871.052133,7618.832897,1101.310919,1040.330166,436.323955,177.949802,calls/second,milliseconds
1440002822,159733,7627.323979,2947.226438,29.092676,1771.655260,2759.854522,4305.022337,6175.936287,6725.820751,6871.052133,7618.832897,1093.966722,1040.330166,436.323955,177.949802,calls/second,milliseconds
1440002823,159767,7627.323979,2947.226438,29.092676,1771.655260,2759.854522,4305.022337,6175.936287,6725.820751,6871.052133,7618.832897,1086.756913,1040.330166,436.323955,177.949802,calls/second,milliseconds
1440002824,159784,7627.323979,2947.226438,29.092676,1771.655260,2759.854522,4305.022337,6175.936287,6725.820751,6871.052133,7618.832897,1079.529570,1040.330166,436.323955,177.949802,calls/second,milliseconds
1440002825,159794,7627.323979,2947.226438,29.092676,1771.655260,2759.854522,4305.022337,6175.936287,6725.820751,6871.052133,7618.832897,1072.351959,1040.330166,436.323955,177.949802,calls/second,milliseconds
1440002826,159839,7627.323979,2949.036206,29.092676,1773.554347,2759.854522,4307.845543,6175.936287,6725.820751,6871.052133,7618.832897,1065.505013,959.308759,429.558425,177.113517,calls/second,milliseconds
1440002827,166438,7627.323979,3029.038661,29.092676,1818.953755,2855.085857,4438.337021,6419.242954,6785.214602,6938.598317,7618.832897,1102.142342,959.308759,429.558425,177.113517,calls/second,milliseconds
1440002828,166471,7627.323979,3029.038661,29.092676,1818.953755,2855.085857,4438.337021,6419.242954,6785.214602,6938.598317,7618.832897,1095.112129,959.308759,429.558425,177.113517,calls/second,milliseconds
1440002829,166501,7627.323979,3025.871926,29.092676,1818.285284,2852.394530,4434.991763,6419.242954,6785.214602,6938.598317,7618.832897,1088.152002,959.308759,429.558425,177.113517,calls/second,milliseconds
1440002830,166530,7627.323979,3025.871926,29.092676,1818.285284,2852.394530,4434.991763,6419.242954,6785.214602,6938.598317,7618.832897,1081.275114,959.308759,429.558425,177.113517,calls/second,milliseconds
1440002831,166558,7627.323979,3026.113244,29.092676,1818.422518,2852.394530,4434.991763,6419.242954,6785.214602,6938.598317,7618.832897,1074.479805,990.050981,444.669509,183.577138,calls/second,milliseconds
1440002832,172791,7334.528033,2993.862153,29.092676,1783.825697,2850.030342,4301.430585,6361.060742,6758.197829,6910.333396,7332.419280,1107.545286,990.050981,444.669509,183.577138,calls/second,milliseconds
1440002833,172882,7334.528033,2993.862153,29.092676,1783.825697,2850.030342,4301.430585,6361.060742,6758.197829,6910.333396,7332.419280,1101.071789,990.050981,444.669509,183.577138,calls/second,milliseconds
1440002834,172908,7334.528033,2993.886733,29.092676,1783.805719,2850.030342,4301.430585,6361.060742,6758.197829,6910.333396,7332.419280,1094.267946,990.050981,444.669509,183.577138,calls/second,milliseconds
1440002835,172946,7334.528033,2993.886733,29.092676,1783.805719,2850.030342,4301.430585,6361.060742,6758.197829,6910.333396,7332.419280,1087.624698,990.050981,444.669509,183.577138,calls/second,milliseconds
1440002836,172982,7334.528033,2997.283616,29.092676,1782.729568,2852.394530,4301.430585,6361.060742,6758.197829,6910.333396,7332.419280,1081.052594,1013.617812,458.555645,189.678080,calls/second,milliseconds
1440002837,173027,7334.528033,3000.584049,29.092676,1781.969143,2856.037607,4301.430585,6361.060742,6758.197829,6910.333396,7332.419280,1074.617793,1013.617812,458.555645,189.678080,calls/second,milliseconds
1440002838,179367,7334.528033,2972.896637,115.559623,1779.380364,2839.837820,4301.430585,6336.735838,6746.545790,6894.117483,7332.419280,1107.117557,1013.617812,458.555645,189.678080,calls/second,milliseconds
1440002839,179404,7334.528033,2972.896637,115.559623,1779.380364,2839.837820,4301.430585,6336.735838,6746.545790,6894.117483,7332.419280,1100.553302,1013.617812,458.555645,189.678080,calls/second,milliseconds
1440002840,179453,7334.528033,2972.896637,115.559623,1779.380364,2839.837820,4301.430585,6336.735838,6746.545790,6894.117483,7332.419280,1094.142470,1013.617812,458.555645,189.678080,calls/second,milliseconds
1440002841,179503,7334.528033,2972.125831,115.559623,1779.182524,2839.837820,4301.430585,6336.735838,6746.545790,6894.117483,7332.419280,1087.814177,1036.851481,472.532917,195.852700,calls/second,milliseconds
1440002842,179564,7334.528033,2973.759133,115.559623,1779.382067,2843.477124,4301.430585,6336.735838,6746.545790,6894.117483,7332.419280,1081.629477,1036.851481,472.532917,195.852700,calls/second,milliseconds
1440002843,186149,7334.528033,2903.332893,115.559623,1734.207971,2774.614691,4210.205590,6215.866555,6716.187065,6887.687621,7328.520720,1114.580610,1036.851481,472.532917,195.852700,calls/second,milliseconds
1440002844,186207,7334.528033,2903.332893,115.559623,1734.207971,2774.614691,4210.205590,6215.866555,6716.187065,6887.687621,7328.520720,1108.291623,1036.851481,472.532917,195.852700,calls/second,milliseconds
1440002845,186242,7334.528033,2903.332893,115.559623,1734.207971,2774.614691,4210.205590,6215.866555,6716.187065,6887.687621,7328.520720,1101.941405,1036.851481,472.532917,195.852700,calls/second,milliseconds
1440002846,186242,7334.528033,2903.332893,115.559623,1734.207971,2774.614691,4210.205590,6215.866555,6716.187065,6887.687621,7328.520720,1095.460008,1061.713552,486.999809,202.234664,calls/second,milliseconds
1440002847,186242,7334.528033,2903.332893,115.559623,1734.207971,2774.614691,4210.205590,6215.866555,6716.187065,6887.687621,7328.520720,1089.054108,1061.713552,486.999809,202.234664,calls/second,milliseconds
1440002848,186259,7334.528033,2903.332893,115.559623,1734.207971,2774.614691,4210.205590,6215.866555,6716.187065,6887.687621,7328.520720,1082.822225,1061.713552,486.999809,202.234664,calls/second,milliseconds
1440002849,193862,7334.528033,2899.376649,115.559623,1726.073058,2774.614691,4221.184070,6001.368101,6686.875737,6848.515887,7328.520720,1120.508651,1061.713552,486.999809,202.234664,calls/second,milliseconds
1440002850,193920,7334.528033,2894.149055,115.559623,1723.687718,2768.443701,4218.424680,5962.652265,6686.875737,6848.515887,7328.520720,1114.401950,1061.713552,486.999809,202.234664,calls/second,milliseconds
1440002851,193961,7334.528033,2891.722268,115.559623,1723.247866,2763.101320,4212.887767,5962.652265,6686.875737,6848.515887,7328.520720,1108.269538,1100.259056,504.467180,209.667139,calls/second,milliseconds
1440002852,194011,7334.528033,2891.829398,115.559623,1723.248296,2763.101320,4212.887767,5962.652265,6686.875737,6848.515887,7328.520720,1102.257052,1100.259056,504.467180,209.667139,calls/second,milliseconds
1440002853,194061,7334.528033,2890.834943,115.559623,1717.964953,2768.443701,4205.926297,5954.590960,6667.556588,6848.515887,7328.520720,1096.312678,1100.259056,504.467180,209.667139,calls/second,milliseconds
1440002854,196082,7334.528033,2914.767667,115.559623,1692.358990,2821.385058,4222.958164,5840.037734,6611.771274,6782.049667,7328.520720,1101.507392,1100.259056,504.467180,209.667139,calls/second,milliseconds
1440002855,200831,7334.528033,2859.542083,84.142815,1683.642732,2728.908959,4174.192856,5768.942040,6611.771274,6782.049667,7328.520720,1121.881083,1100.259056,504.467180,209.667139,calls/second,milliseconds
1440002856,200880,7334.528033,2859.542083,84.142815,1683.642732,2728.908959,4174.192856,5768.942040,6611.771274,6782.049667,7328.520720,1115.921758,1122.929738,519.001273,216.172014,calls/second,milliseconds
1440002857,200915,7334.528033,2859.542083,84.142815,1683.642732,2728.908959,4174.192856,5768.942040,6611.771274,6782.049667,7328.520720,1109.951069,1122.929738,519.001273,216.172014,calls/second,milliseconds
1440002858,200936,7334.528033,2859.542083,84.142815,1683.642732,2728.908959,4174.192856,5768.942040,6611.771274,6782.049667,7328.520720,1103.968004,1122.929738,519.001273,216.172014,calls/second,milliseconds
1440002859,200990,7334.528033,2859.542083,84.142815,1683.642732,2728.908959,4174.192856,5768.942040,6611.771274,6782.049667,7328.520720,1098.230392,1122.929738,519.001273,216.172014,calls/second,milliseconds
1440002860,207678,7334.528033,2865.788522,84.142815,1669.812106,2774.614691,4171.887171,5704.158725,6558.459070,6745.854440,7327.209631,1128.607685,1122.929738,519.001273,216.172014,calls/second,milliseconds
1440002861,207781,7334.528033,2865.788522,84.142815,1669.812106,2774.614691,4171.887171,5704.158725,6558.459070,6745.854440,7327.209631,1123.063916,1143.499932,533.235636,222.620906,calls/second,milliseconds
1440002862,207821,7334.528033,2865.788522,84.142815,1669.812106,2774.614691,4171.887171,5704.158725,6558.459070,6745.854440,7327.209631,1117.241900,1143.499932,533.235636,222.620906,calls/second,milliseconds
1440002863,207869,7334.528033,2865.788522,84.142815,1669.812106,2774.614691,4171.887171,5704.158725,6558.459070,6745.854440,7327.209631,1111.524267,1143.499932,533.235636,222.620906,calls/second,milliseconds
1440002864,207907,7334.528033,2868.520976,84.142815,1669.941841,2780.730320,4171.887171,5704.158725,6558.459070,6745.854440,7327.209631,1105.814058,1143.499932,533.235636,222.620906,calls/second,milliseconds
1440002865,207938,7334.528033,2870.474547,84.142815,1671.146196,2780.730320,4174.192856,5704.158725,6558.459070,6745.854440,7327.209631,1100.128074,1143.499932,533.235636,222.620906,calls/second,milliseconds
1440002866,214736,7334.528033,2867.048973,84.142815,1649.942330,2777.631110,4167.195747,5604.237247,6558.459070,6745.854440,7327.209631,1130.114568,1163.288945,547.413234,229.093904,calls/second,milliseconds
1440002867,214793,7334.528033,2863.292591,84.142815,1651.466511,2774.614691,4167.195747,5604.237247,6558.459070,6745.854440,7327.209631,1124.497367,1163.288945,547.413234,229.093904,calls/second,milliseconds
1440002868,214818,7334.528033,2863.292591,84.142815,1651.466511,2774.614691,4167.195747,5604.237247,6558.459070,6745.854440,7327.209631,1118.770528,1163.288945,547.413234,229.093904,calls/second,milliseconds
1440002869,214844,7334.528033,2865.314027,84.142815,1649.372175,2774.614691,4167.195747,5604.237247,6558.459070,6745.854440,7327.209631,1113.106816,1163.288945,547.413234,229.093904,calls/second,milliseconds
1440002870,214885,7334.528033,2865.314027,84.142815,1649.372175,2774.614691,4167.195747,5604.237247,6558.459070,6745.854440,7327.209631,1107.583406,1163.288945,547.413234,229.093904,calls/second,milliseconds
1440002871,214923,7334.528033,2865.314027,84.142815,1649.372175,2774.614691,4167.195747,5604.237247,6558.459070,6745.854440,7327.209631,1102.098420,1073.267835,538.983456,228.031890,calls/second,milliseconds
1440002872,221592,7334.528033,2873.631689,84.142815,1662.603866,2758.212625,4213.003414,5626.433209,6547.330640,6745.854440,7327.209631,1130.498928,1073.267835,538.983456,228.031890,calls/second,milliseconds
1440002873,221777,7334.528033,2869.212019,84.142815,1664.047055,2742.802113,4213.003414,5626.433209,6547.330640,6745.854440,7327.209631,1125.699144,1073.267835,538.983456,228.031890,calls/second,milliseconds
1440002874,221801,7334.528033,2869.212019,84.142815,1664.047055,2742.802113,4213.003414,5626.433209,6547.330640,6745.854440,7327.209631,1120.136253,1073.267835,538.983456,228.031890,calls/second,milliseconds
1440002875,221823,7334.528033,2869.502163,84.142815,1664.020236,2758.212625,4213.003414,5626.433209,6547.330640,6745.854440,7327.209631,1114.617813,1073.267835,538.983456,228.031890,calls/second,milliseconds
1440002876,225372,7334.528033,2833.294418,84.142815,1649.729160,2713.827420,4152.623538,5588.900087,6547.330640,6745.854440,7327.209631,1126.789533,1154.545260,564.616199,238.346369,calls/second,milliseconds
1440002877,225485,7334.528033,2833.294418,84.142815,1649.729160,2713.827420,4152.623538,5588.900087,6547.330640,6745.854440,7327.209631,1121.745729,1154.545260,564.616199,238.346369,calls/second,milliseconds
1440002878,225569,7334.528033,2832.967857,84.142815,1647.708333,2709.392005,4147.894418,5588.900087,6547.330640,6745.854440,7327.209631,1116.608865,1154.545260,564.616199,238.346369,calls/second,milliseconds
1440002879,225607,7334.528033,2832.967857,84.142815,1647.708333,2709.392005,4147.894418,5588.900087,6547.330640,6745.854440,7327.209631,1111.296328,1154.545260,564.616199,238.346369,calls/second,milliseconds
1440002880,229845,7082.169331,2781.927183,84.142815,1624.022447,2673.340551,4043.239497,5537.984581,6432.859131,6699.779404,7079.810599,1126.620576,1154.545260,564.616199,238.346369,calls/second,milliseconds
1440002881,230256,7082.169331,2778.972957,84.142815,1624.589755,2650.441260,4043.239497,5537.984581,6432.859131,6699.779404,7079.810599,1123.131518,1140.333533,571.428998,242.437514,calls/second,milliseconds
1440002882,230319,7082.169331,2775.348099,84.142815,1622.965146,2645.290874,4029.995554,5537.984581,6432.859131,6699.779404,7079.810599,1117.985499,1140.333533,571.428998,242.437514,calls/second,milliseconds
1440002883,230319,7082.169331,2775.348099,84.142815,1622.965146,2645.290874,4029.995554,5537.984581,6432.859131,6699.779404,7079.810599,1112.584275,1140.333533,571.428998,242.437514,calls/second,milliseconds
1440002884,230319,7082.169331,2775.348099,84.142815,1622.965146,2645.290874,4029.995554,5537.984581,6432.859131,6699.779404,7079.810599,1107.236014,1140.333533,571.428998,242.437514,calls/second,milliseconds
1440002885,230319,7082.169331,2775.348099,84.142815,1622.965146,2645.290874,4029.995554,5537.984581,6432.859131,6699.779404,7079.810599,1101.938263,1140.333533,571.428998,242.437514,calls/second,milliseconds
1440002886,230322,7082.169331,2775.348099,84.142815,1622.965146,2645.290874,4029.995554,5537.984581,6432.859131,6699.779404,7079.810599,1096.702529,1050.212912,562.202285,241.167503,calls/second,milliseconds
1440002887,230481,7082.169331,2782.221585,84.142815,1629.997779,2650.441260,4053.984846,5582.218269,6432.859131,6699.779404,7079.810599,1092.260852,1050.212912,562.202285,241.167503,calls/second,milliseconds
1440002888,230523,7082.169331,2782.221585,84.142815,1629.997779,2650.441260,4053.984846,5582.218269,6432.859131,6699.779404,7079.810599,1087.308475,1050.212912,562.202285,241.167503,calls/second,milliseconds
1440002889,230523,7082.169331,2782.221585,84.142815,1629.997779,2650.441260,4053.984846,5582.218269,6432.859131,6699.779404,7079.810599,1082.203958,1050.212912,562.202285,241.167503,calls/second,milliseconds
1440002890,241274,8970.907932,3007.772823,84.142815,1824.583689,2803.172284,4254.794039,6541.791380,7378.985958,7857.990699,8967.547180,1127.381703,1050.212912,562.202285,241.167503,calls/second,milliseconds
1440002891,241307,8970.907932,3007.772823,84.142815,1824.583689,2803.172284,4254.794039,6541.791380,7378.985958,7857.990699,8967.547180,1122.291923,1141.856972,589.213197,251.999789,calls/second,milliseconds
1440002892,241351,8970.907932,2999.535163,84.142815,1823.835098,2787.019408,4245.624462,6541.791380,7378.985958,7857.990699,8967.547180,1117.300426,1141.856972,589.213197,251.999789,calls/second,milliseconds
1440002893,241435,8970.907932,3000.442445,84.142815,1820.831212,2800.330434,4243.250240,6541.791380,7378.985958,7857.990699,8967.547180,1112.539337,1141.856972,589.213197,251.999789,calls/second,milliseconds
1440002894,241474,8970.907932,3000.442445,84.142815,1820.831212,2800.330434,4243.250240,6541.791380,7378.985958,7857.990699,8967.547180,1107.615713,1141.856972,589.213197,251.999789,calls/second,milliseconds
1440002895,247062,8970.907932,2976.645404,74.429581,1791.996676,2784.519953,4226.555918,6442.358326,7212.109824,7804.716932,8967.547180,1128.070896,1141.856972,589.213197,251.999789,calls/second,milliseconds
1440002896,247107,8970.907932,2976.645404,74.429581,1791.996676,2784.519953,4226.555918,6442.358326,7212.109824,7804.716932,8967.547180,1123.149307,1143.291617,598.644167,257.029140,calls/second,milliseconds
1440002897,247153,8970.907932,2976.645404,74.429581,1791.996676,2784.519953,4226.555918,6442.358326,7212.109824,7804.716932,8967.547180,1118.275512,1143.291617,598.644167,257.029140,calls/second,milliseconds
1440002898,247198,8970.907932,2976.645404,74.429581,1791.996676,2784.519953,4226.555918,6442.358326,7212.109824,7804.716932,8967.547180,1113.441705,1143.291617,598.644167,257.029140,calls/second,milliseconds
1440002899,247241,8970.907932,2976.645404,74.429581,1791.996676,2784.519953,4226.555918,6442.358326,7212.109824,7804.716932,8967.547180,1108.641803,1143.291617,598.644167,257.029140,calls/second,milliseconds
1440002900,253646,8970.907932,2939.974025,74.429581,1755.545408,2763.101320,4137.488636,6368.792758,6999.583837,7685.042151,8966.305956,1132.284794,1143.291617,598.644167,257.029140,calls/second,milliseconds
1440002901,254802,8970.907932,2908.955896,74.429581,1764.851510,2713.827420,4119.552581,6368.792758,6999.583837,7685.042151,8966.305956,1132.390431,1174.994677,614.200105,264.135885,calls/second,milliseconds
1440002902,254825,8970.907932,2905.239832,74.429581,1765.212478,2710.355522,4118.800202,6368.792758,6999.583837,7685.042151,8966.305956,1127.482182,1174.994677,614.200105,264.135885,calls/second,milliseconds
1440002903,254855,8970.907932,2905.744455,74.429581,1764.837119,2710.355522,4118.800202,6368.792758,6999.583837,7685.042151,8966.305956,1122.647505,1174.994677,614.200105,264.135885,calls/second,milliseconds
1440002904,254894,8970.907932,2906.665595,74.429581,1764.535704,2713.827420,4118.800202,6368.792758,6999.583837,7685.042151,8966.305956,1117.894520,1174.994677,614.200105,264.135885,calls/second,milliseconds
1440002905,256931,8970.907932,2886.761219,74.429581,1753.895892,2690.545594,4029.995554,6358.006502,6999.583837,7685.042151,8966.305956,1121.908172,1174.994677,614.200105,264.135885,calls/second,milliseconds
1440002906,259668,8970.907932,2862.968507,74.429581,1749.111578,2636.614692,4005.492057,6346.552190,6938.948272,7662.408296,8966.305956,1128.929708,1158.860065,620.133851,268.064208,calls/second,milliseconds
1440002907,260996,8970.907932,2830.545021,74.429581,1753.486018,2615.719878,3955.045380,6328.299120,6938.948272,7662.408296,8966.305956,1129.790854,1158.860065,620.133851,268.064208,calls/second,milliseconds
1440002908,261155,8970.907932,2826.424933,74.429581,1756.506575,2614.038935,3955.045380,6328.299120,6938.948272,7662.408296,8966.305956,1125.607005,1158.860065,620.133851,268.064208,calls/second,milliseconds
1440002909,261188,8970.907932,2825.549064,74.429581,1756.749929,2606.439585,3955.045380,6328.299120,6938.948272,7662.408296,8966.305956,1120.918275,1158.860065,620.133851,268.064208,calls/second,milliseconds
1440002910,261264,8970.907932,2822.789690,74.429581,1750.635639,2614.038935,3933.043959,6316.403869,6935.474324,7662.408296,8966.305956,1116.452758,1158.860065,620.133851,268.064208,calls/second,milliseconds
1440002911,261293,8970.907932,2823.712696,74.429581,1751.085032,2614.038935,3955.045380,6316.403869,6935.474324,7662.408296,8966.305956,1111.825978,1092.188296,615.255718,268.379641,calls/second,milliseconds
1440002912,261309,8970.907932,2823.712696,74.429581,1751.085032,2614.038935,3955.045380,6316.403869,6935.474324,7662.408296,8966.305956,1107.183099,1092.188296,615.255718,268.379641,calls/second,milliseconds
1440002913,261338,8970.907932,2822.509583,74.429581,1748.754017,2614.038935,3955.045380,6299.972959,6935.474324,7662.408296,8966.305956,1102.633632,1092.188296,615.255718,268.379641,calls/second,milliseconds
1440002914,261353,8970.907932,2822.509583,74.429581,1748.754017,2614.038935,3955.045380,6299.972959,6935.474324,7662.408296,8966.305956,1098.063668,1092.188296,615.255718,268.379641,calls/second,milliseconds
1440002915,268799,8970.907932,2944.633203,74.429581,1831.026254,2710.355522,4175.485790,6442.358326,7212.109824,7685.042151,8966.305956,1124.623021,1092.188296,615.255718,268.379641,calls/second,milliseconds
1440002916,269020,8970.907932,2944.341701,74.429581,1828.640901,2710.355522,4174.014599,6442.358326,7212.109824,7685.042151,8966.305956,1120.857745,1128.425103,630.629650,275.454528,calls/second,milliseconds
1440002917,269020,8970.907932,2944.341701,74.429581,1828.640901,2710.355522,4174.014599,6442.358326,7212.109824,7685.042151,8966.305956,1116.207267,1128.425103,630.629650,275.454528,calls/second,milliseconds
1440002918,269020,8970.907932,2944.341701,74.429581,1828.640901,2710.355522,4174.014599,6442.358326,7212.109824,7685.042151,8966.305956,1111.595220,1128.425103,630.629650,275.454528,calls/second,milliseconds
1440002919,269020,8970.907932,2944.341701,74.429581,1828.640901,2710.355522,4174.014599,6442.358326,7212.109824,7685.042151,8966.305956,1107.020802,1128.425103,630.629650,275.454528,calls/second,milliseconds
1440002920,269026,8970.907932,2944.341701,74.429581,1828.640901,2710.355522,4174.014599,6442.358326,7212.109824,7685.042151,8966.305956,1102.508260,1128.425103,630.629650,275.454528,calls/second,milliseconds
1440002921,269046,8970.907932,2944.341701,74.429581,1828.640901,2710.355522,4174.014599,6442.358326,7212.109824,7685.042151,8966.305956,1098.090769,1038.616982,620.292208,273.957277,calls/second,milliseconds
1440002922,269105,8970.907932,2944.341701,74.429581,1828.640901,2710.355522,4174.014599,6442.358326,7212.109824,7685.042151,8966.305956,1093.866542,1038.616982,620.292208,273.957277,calls/second,milliseconds
1440002923,269228,8970.907932,2944.341701,74.429581,1828.640901,2710.355522,4174.014599,6442.358326,7212.109824,7685.042151,8966.305956,1089.933597,1038.616982,620.292208,273.957277,calls/second,milliseconds
1440002924,277301,8812.219092,3103.370402,91.593153,1963.114165,2778.644150,4402.718318,6957.447808,7712.714902,8078.299895,8807.894180,1118.091228,1038.616982,620.292208,273.957277,calls/second,milliseconds
1440002925,277340,8812.219092,3093.709928,91.593153,1966.040613,2765.783718,4388.106242,6957.447808,7712.714902,8078.299895,8807.894180,1113.758442,1038.616982,620.292208,273.957277,calls/second,milliseconds
1440002926,277377,8812.219092,3093.709928,91.593153,1966.040613,2765.783718,4388.106242,6957.447808,7712.714902,8078.299895,8807.894180,1109.452677,1088.795750,637.579543,281.670513,calls/second,milliseconds
1440002927,277489,8812.219092,3091.029126,91.593153,1962.778781,2765.783718,4381.042764,6957.447808,7712.714902,8078.299895,8807.894180,1105.479023,1088.795750,637.579543,281.670513,calls/second,milliseconds
1440002928,281831,8812.219092,3056.306647,91.593153,1945.620077,2713.827420,4306.562359,6913.927131,7712.714902,8078.299895,8807.894180,1118.321109,1088.795750,637.579543,281.670513,calls/second,milliseconds
1440002929,281832,8812.219092,3056.306647,91.593153,1945.620077,2713.827420,4306.562359,6913.927131,7712.714902,8078.299895,8807.894180,1113.905107,1088.795750,637.579543,281.670513,calls/second,milliseconds
1440002930,281886,8812.219092,3058.776828,91.593153,1945.193112,2719.936161,4306.562359,6913.927131,7712.714902,8078.299895,8807.894180,1109.732023,1088.795750,637.579543,281.670513,calls/second,milliseconds
1440002931,282288,8812.219092,3072.221091,91.593153,1947.573444,2754.586123,4356.047419,6913.927131,7712.714902,8078.299895,8807.894180,1106.957239,1080.256833,643.272312,285.550445,calls/second,milliseconds
1440002932,286226,8812.219092,2994.979813,69.752431,1933.852472,2640.677809,4283.460248,6892.267630,7683.320625,8070.943469,8807.894180,1118.015353,1080.256833,643.272312,285.550445,calls/second,milliseconds
1440002933,286264,8812.219092,2995.337221,69.752431,1933.527505,2640.677809,4283.460248,6892.267630,7683.320625,8070.943469,8807.894180,1113.812714,1080.256833,643.272312,285.550445,calls/second,milliseconds
1440002934,286310,8812.219092,2995.337221,69.752431,1933.527505,2640.677809,4283.460248,6892.267630,7683.320625,8070.943469,8807.894180,1109.674803,1080.256833,643.272312,285.550445,calls/second,milliseconds
1440002935,286334,8812.219092,2995.337221,69.752431,1933.527505,2640.677809,4283.460248,6892.267630,7683.320625,8070.943469,8807.894180,1105.483335,1080.256833,643.272312,285.550445,calls/second,milliseconds
1440002936,286376,8812.219092,2996.746584,69.752431,1933.537908,2647.395267,4283.460248,6892.267630,7683.320625,8070.943469,8807.894180,1101.393166,1059.271943,646.157001,288.499188,calls/second,milliseconds
1440002937,289376,8812.219092,2995.010268,69.752431,1900.706439,2691.084398,4253.999899,6820.040422,7659.068317,8031.874805,8807.894180,1108.667069,1059.271943,646.157001,288.499188,calls/second,milliseconds
1440002938,293283,8812.219092,2989.742941,69.752431,1881.604543,2706.999157,4266.691451,6756.468368,7567.812361,7959.109906,8807.894180,1119.347288,1059.271943,646.157001,288.499188,calls/second,milliseconds
1440002939,293325,8812.219092,2989.742941,69.752431,1881.604543,2706.999157,4266.691451,6756.468368,7567.812361,7959.109906,8807.894180,1115.251221,1059.271943,646.157001,288.499188,calls/second,milliseconds
1440002940,293365,8812.219092,2987.089862,69.752431,1880.663760,2700.212894,4262.049839,6756.468368,7567.812361,7959.109906,8807.894180,1111.178515,1059.271943,646.157001,288.499188,calls/second,milliseconds
1440002941,293425,8812.219092,2987.089862,69.752431,1880.663760,2700.212894,4262.049839,6756.468368,7567.812361,7959.109906,8807.894180,1107.209807,1087.282628,658.775604,294.710257,calls/second,milliseconds
1440002942,293473,8812.219092,2987.829756,69.752431,1881.068854,2700.212894,4266.691451,6756.468368,7567.812361,7959.109906,8807.894180,1103.228739,1087.282628,658.775604,294.710257,calls/second,milliseconds
1440002943,300050,8812.219092,2944.247174,91.453087,1840.313307,2678.779315,4160.235749,6688.257915,7526.648235,7906.984374,8807.894180,1123.728318,1087.282628,658.775604,294.710257,calls/second,milliseconds
1440002944,300096,8812.219092,2944.247174,91.453087,1840.313307,2678.779315,4160.235749,6688.257915,7526.648235,7906.984374,8807.894180,1119.707843,1087.282628,658.775604,294.710257,calls/second,milliseconds
1440002945,300142,8812.219092,2946.528588,91.453087,1838.138801,2678.779315,4160.235749,6688.257915,7526.648235,7906.984374,8807.894180,1115.717721,1087.282628,658.775604,294.710257,calls/second,milliseconds
1440002946,300172,8812.219092,2946.528588,91.453087,1838.138801,2678.779315,4160.235749,6688.257915,7526.648235,7906.984374,8807.894180,1111.696709,1108.240376,670.190621,300.553399,calls/second,milliseconds
1440002947,300217,8812.219092,2946.528588,91.453087,1838.138801,2678.779315,4160.235749,6688.257915,7526.648235,7906.984374,8807.894180,1107.760253,1108.240376,670.190621,300.553399,calls/second,milliseconds
1440002948,306222,8812.219092,2947.538606,91.453087,1805.643269,2726.999480,4152.975367,6541.006190,7505.764180,7851.769804,8807.894180,1125.764583,1108.240376,670.190621,300.553399,calls/second,milliseconds
1440002949,306940,8812.219092,2944.997261,91.453087,1805.576482,2719.936161,4152.975367,6541.006190,7505.764180,7851.769804,8807.894180,1124.270654,1108.240376,670.190621,300.553399,calls/second,milliseconds
1440002950,306977,8812.219092,2946.623718,91.453087,1804.007884,2719.936161,4152.975367,6541.006190,7505.764180,7851.769804,8807.894180,1120.302709,1108.240376,670.190621,300.553399,calls/second,milliseconds
1440002951,306995,8812.219092,2946.623718,91.453087,1804.007884,2719.936161,4152.975367,6541.006190,7505.764180,7851.769804,8807.894180,1116.294669,1128.753751,681.671505,306.449487,calls/second,milliseconds
1440002952,307046,8812.219092,2941.243101,91.453087,1798.029141,2719.936161,4146.206654,6477.348247,7505.764180,7851.769804,8807.894180,1112.434660,1128.753751,681.671505,306.449487,calls/second,milliseconds
1440002953,307097,8812.219092,2941.243101,91.453087,1798.029141,2719.936161,4146.206654,6477.348247,7505.764180,7851.769804,8807.894180,1108.602827,1128.753751,681.671505,306.449487,calls/second,milliseconds
1440002954,313708,8812.219092,2906.786488,91.453087,1767.625355,2688.968985,4123.459222,6328.299120,7258.526512,7730.633606,8807.894180,1128.394330,1128.753751,681.671505,306.449487,calls/second,milliseconds
1440002955,313861,8812.219092,2902.881182,91.453087,1768.997839,2679.404006,4123.459222,6328.299120,7258.526512,7730.633606,8807.894180,1124.898846,1128.753751,681.671505,306.449487,calls/second,milliseconds
1440002956,313897,8812.219092,2902.881182,91.453087,1768.997839,2679.404006,4123.459222,6328.299120,7258.526512,7730.633606,8807.894180,1121.010132,1148.874274,693.220471,312.399336,calls/second,milliseconds
1440002957,313924,8812.219092,2902.881182,91.453087,1768.997839,2679.404006,4123.459222,6328.299120,7258.526512,7730.633606,8807.894180,1117.117632,1148.874274,693.220471,312.399336,calls/second,milliseconds
1440002958,313962,8812.219092,2902.881182,91.453087,1768.997839,2679.404006,4123.459222,6328.299120,7258.526512,7730.633606,8807.894180,1113.291057,1148.874274,693.220471,312.399336,calls/second,milliseconds
1440002959,313997,8812.219092,2902.881182,91.453087,1768.997839,2679.404006,4123.459222,6328.299120,7258.526512,7730.633606,8807.894180,1109.481130,1148.874274,693.220471,312.399336,calls/second,milliseconds
1440002960,314001,8812.219092,2902.881182,91.453087,1768.997839,2679.404006,4123.459222,6328.299120,7258.526512,7730.633606,8807.894180,1105.588245,1148.874274,693.220471,312.399336,calls/second,milliseconds
1440002961,317788,8812.219092,2962.965732,91.453087,1782.151652,2761.422273,4164.746922,6367.778200,7258.526512,7730.633606,8807.894180,1114.996231,1113.272109,693.392029,314.566647,calls/second,milliseconds
1440002962,322348,8812.219092,3034.372755,91.453087,1813.670131,2831.431587,4313.019659,6368.998558,7258.526512,7730.633606,8807.894180,1127.041427,1113.272109,693.392029,314.566647,calls/second,milliseconds
1440002963,322394,8812.219092,3032.953772,91.453087,1814.579746,2831.431587,4313.019659,6368.998558,7258.526512,7730.633606,8807.894180,1123.274830,1113.272109,693.392029,314.566647,calls/second,milliseconds
1440002964,322435,8812.219092,3032.953772,91.453087,1814.579746,2831.431587,4313.019659,6368.998558,7258.526512,7730.633606,8807.894180,1119.517055,1113.272109,693.392029,314.566647,calls/second,milliseconds
1440002965,322481,8812.219092,3032.953772,91.453087,1814.579746,2831.431587,4313.019659,6368.998558,7258.526512,7730.633606,8807.894180,1115.802669,1113.272109,693.392029,314.566647,calls/second,milliseconds
1440002966,322529,8812.219092,3035.155239,91.453087,1814.160029,2836.532065,4313.019659,6368.998558,7258.526512,7730.633606,8807.894180,1112.121224,1106.038358,698.836664,318.490367,calls/second,milliseconds
1440002967,322531,8812.219092,3035.155239,91.453087,1814.160029,2836.532065,4313.019659,6368.998558,7258.526512,7730.633606,8807.894180,1108.306201,1106.038358,698.836664,318.490367,calls/second,milliseconds
1440002968,322558,8812.219092,3035.155239,91.453087,1814.160029,2836.532065,4313.019659,6368.998558,7258.526512,7730.633606,8807.894180,1104.603098,1106.038358,698.836664,318.490367,calls/second,milliseconds
1440002969,331060,8663.084184,3112.249945,91.453087,1824.681068,2932.630454,4423.438065,6368.998558,7163.177292,7685.042151,8652.191596,1129.849361,1106.038358,698.836664,318.490367,calls/second,milliseconds
1440002970,331108,8663.084184,3109.327658,91.453087,1826.140684,2928.182076,4423.438065,6368.998558,7163.177292,7685.042151,8652.191596,1126.167719,1106.038358,698.836664,318.490367,calls/second,milliseconds
1440002971,331140,8663.084184,3107.689838,91.453087,1826.267297,2925.086791,4423.438065,6368.998558,7163.177292,7685.042151,8652.191596,1122.460859,1155.303923,715.751372,326.267132,calls/second,milliseconds
1440002972,331172,8663.084184,3107.689838,91.453087,1826.267297,2925.086791,4423.438065,6368.998558,7163.177292,7685.042151,8652.191596,1118.777102,1155.303923,715.751372,326.267132,calls/second,milliseconds
1440002973,331212,8663.084184,3107.689838,91.453087,1826.267297,2925.086791,4423.438065,6368.998558,7163.177292,7685.042151,8652.191596,1115.142624,1155.303923,715.751372,326.267132,calls/second,milliseconds
1440002974,337049,8663.084184,3117.136417,91.453087,1812.243457,2975.146084,4413.933100,6332.784122,7163.177292,7685.042151,8652.191596,1130.988470,1155.303923,715.751372,326.267132,calls/second,milliseconds
1440002975,338011,8663.084184,3105.877941,91.453087,1812.395484,2950.690769,4403.191892,6332.784122,7163.177292,7685.042151,8652.191596,1130.422860,1155.303923,715.751372,326.267132,calls/second,milliseconds
1440002976,338046,8663.084184,3105.877941,91.453087,1812.395484,2950.690769,4403.191892,6332.784122,7163.177292,7685.042151,8652.191596,1126.772698,1173.365576,726.750271,332.111621,calls/second,milliseconds
1440002977,338070,8663.084184,3105.877941,91.453087,1812.395484,2950.690769,4403.191892,6332.784122,7163.177292,7685.042151,8652.191596,1123.109076,1173.365576,726.750271,332.111621,calls/second,milliseconds
1440002978,338108,8663.084184,3106.365576,91.453087,1812.287546,2952.308968,4403.191892,6332.784122,7163.177292,7685.042151,8652.191596,1119.516288,1173.365576,726.750271,332.111621,calls/second,milliseconds
1440002979,338162,8663.084184,3106.365576,91.453087,1812.287546,2952.308968,4403.191892,6332.784122,7163.177292,7685.042151,8652.191596,1115.999638,1173.365576,726.750271,332.111621,calls/second,milliseconds
1440002980,344820,8663.084184,3092.858827,91.453087,1796.699195,2952.495874,4374.107391,6323.803147,7103.395914,7669.947849,8652.191596,1134.228882,1173.365576,726.750271,332.111621,calls/second,milliseconds
1440002981,344847,8663.084184,3092.858827,91.453087,1796.699195,2952.495874,4374.107391,6323.803147,7103.395914,7669.947849,8652.191596,1130.599021,1188.288041,737.216968,337.806278,calls/second,milliseconds
1440002982,344873,8663.084184,3092.858827,91.453087,1796.699195,2952.495874,4374.107391,6323.803147,7103.395914,7669.947849,8652.191596,1126.989062,1188.288041,737.216968,337.806278,calls/second,milliseconds
1440002983,344922,8663.084184,3094.384741,91.453087,1795.650402,2952.495874,4374.107391,6323.803147,7103.395914,7669.947849,8652.191596,1123.478039,1188.288041,737.216968,337.806278,calls/second,milliseconds
1440002984,344975,8663.084184,3094.384741,91.453087,1795.650402,2952.495874,4374.107391,6323.803147,7103.395914,7669.947849,8652.191596,1120.002746,1188.288041,737.216968,337.806278,calls/second,milliseconds
1440002985,348280,8663.084184,3063.482278,91.593153,1794.610331,2905.007253,4355.145006,6298.697542,7059.298381,7635.772201,8652.191596,1127.073482,1188.288041,737.216968,337.806278,calls/second,milliseconds
1440002986,351584,8663.084184,3043.531203,91.593153,1780.178024,2884.245484,4299.069325,6293.112403,7059.298381,7635.772201,8652.191596,1134.095455,1201.009931,747.302406,343.399581,calls/second,milliseconds
1440002987,351664,8663.084184,3041.213898,91.593153,1781.716615,2884.245484,4299.069325,6293.112403,7059.298381,7635.772201,8652.191596,1130.706279,1201.009931,747.302406,343.399581,calls/second,milliseconds
1440002988,351693,8663.084184,3041.213898,91.593153,1781.716615,2884.245484,4299.069325,6293.112403,7059.298381,7635.772201,8652.191596,1127.175398,1201.009931,747.302406,343.399581,calls/second,milliseconds
1440002989,351760,8663.084184,3041.408608,91.593153,1781.719279,2884.245484,4299.069325,6293.112403,7059.298381,7635.772201,8652.191596,1123.788475,1201.009931,747.302406,343.399581,calls/second,milliseconds
1440002990,351786,8663.084184,3040.039515,91.593153,1780.770932,2884.245484,4295.226595,6293.112403,7059.298381,7635.772201,8652.191596,1120.292382,1201.009931,747.302406,343.399581,calls/second,milliseconds
1440002991,356951,8663.084184,2997.334431,91.593153,1747.962756,2873.592678,4164.359761,6241.537628,7031.929143,7635.772201,8652.191596,1133.132829,1190.822795,752.695631,347.445002,calls/second,milliseconds
1440002992,356951,8663.084184,2997.334431,91.593153,1747.962756,2873.592678,4164.359761,6241.537628,7031.929143,7635.772201,8652.191596,1129.546915,1190.822795,752.695631,347.445002,calls/second,milliseconds
1440002993,356951,8663.084184,2997.334431,91.593153,1747.962756,2873.592678,4164.359761,6241.537628,7031.929143,7635.772201,8652.191596,1125.983511,1190.822795,752.695631,347.445002,calls/second,milliseconds
1440002994,356951,8663.084184,2997.334431,91.593153,1747.962756,2873.592678,4164.359761,6241.537628,7031.929143,7635.772201,8652.191596,1122.443217,1190.822795,752.695631,347.445002,calls/second,milliseconds
1440002995,356951,8663.084184,2997.334431,91.593153,1747.962756,2873.592678,4164.359761,6241.537628,7031.929143,7635.772201,8652.191596,1118.923487,1190.822795,752.695631,347.445002,calls/second,milliseconds
1440002996,357234,8663.084184,3015.592147,91.593153,1760.529929,2881.583290,4176.348097,6293.112403,7031.929143,7635.772201,8652.191596,1116.312488,1100.119356,741.186877,345.832569,calls/second,milliseconds
1440002997,364785,8663.084184,3018.161635,91.593153,1760.768480,2898.923996,4253.999899,6238.563658,6952.469353,7515.513281,8652.191596,1136.357148,1100.119356,741.186877,345.832569,calls/second,milliseconds
1440002998,364999,8663.084184,3012.332378,91.593153,1762.276871,2895.801464,4243.240547,6238.563658,6952.469353,7515.513281,8652.191596,1133.492844,1100.119356,741.186877,345.832569,calls/second,milliseconds
1440002999,366938,8663.084184,2955.846569,91.593153,1754.230333,2822.837325,4167.721941,6180.286211,6940.059319,7437.090134,8646.898120,1135.986854,1100.119356,741.186877,345.832569,calls/second,milliseconds
1440003000,367436,8663.084184,2948.166899,91.593153,1751.123103,2811.814891,4166.324271,6123.510634,6908.713661,7437.090134,8646.898120,1134.017474,1100.119356,741.186877,345.832569,calls/second,milliseconds
1440003001,367467,8663.084184,2948.166899,91.593153,1751.123103,2811.814891,4166.324271,6123.510634,6908.713661,7437.090134,8646.898120,1130.624190,1175.811761,762.766764,355.256187,calls/second,milliseconds
1440003002,367487,8663.084184,2948.929813,91.593153,1749.899868,2804.655971,4166.324271,6123.510634,6908.713661,7437.090134,8646.898120,1127.217552,1175.811761,762.766764,355.256187,calls/second,milliseconds
1440003003,367524,8663.084184,2948.929813,91.593153,1749.899868,2804.655971,4166.324271,6123.510634,6908.713661,7437.090134,8646.898120,1123.883647,1175.811761,762.766764,355.256187,calls/second,milliseconds
1440003004,367567,8663.084184,2949.691529,91.593153,1750.217812,2804.655971,4166.324271,6123.510634,6908.713661,7437.090134,8646.898120,1120.588496,1175.811761,762.766764,355.256187,calls/second,milliseconds
1440003005,367616,8663.084184,2949.691529,91.593153,1750.217812,2804.655971,4166.324271,6123.510634,6908.713661,7437.090134,8646.898120,1117.331266,1175.811761,762.766764,355.256187,calls/second,milliseconds
1440003006,374801,8663.084184,2971.838479,91.593153,1752.220629,2821.281195,4286.058092,6024.657743,6780.067254,7231.242269,8645.119293,1135.717523,1199.077896,774.403409,361.414309,calls/second,milliseconds
1440003007,374826,8663.084184,2971.838479,91.593153,1752.220629,2821.281195,4286.058092,6024.657743,6780.067254,7231.242269,8645.119293,1132.361894,1199.077896,774.403409,361.414309,calls/second,milliseconds
1440003008,374842,8663.084184,2971.838479,91.593153,1752.220629,2821.281195,4286.058092,6024.657743,6780.067254,7231.242269,8645.119293,1128.999826,1199.077896,774.403409,361.414309,calls/second,milliseconds
1440003009,374860,8663.084184,2971.838479,91.593153,1752.220629,2821.281195,4286.058092,6024.657743,6780.067254,7231.242269,8645.119293,1125.663154,1199.077896,774.403409,361.414309,calls/second,milliseconds
1440003010,374898,8663.084184,2971.838479,91.593153,1752.220629,2821.281195,4286.058092,6024.657743,6780.067254,7231.242269,8645.119293,1122.406631,1199.077896,774.403409,361.414309,calls/second,milliseconds
1440003011,374920,8663.084184,2971.838479,91.593153,1752.220629,2821.281195,4286.058092,6024.657743,6780.067254,7231.242269,8645.119293,1119.122225,1105.107864,761.997026,359.543874,calls/second,milliseconds
1440003012,374957,8663.084184,2971.838479,91.593153,1752.220629,2821.281195,4286.058092,6024.657743,6780.067254,7231.242269,8645.119293,1115.901881,1105.107864,761.997026,359.543874,calls/second,milliseconds
1440003013,380957,8663.084184,3061.850270,91.593153,1805.744472,2954.190502,4383.349780,6313.989606,7152.521608,7515.513281,8645.119293,1130.394516,1105.107864,761.997026,359.543874,calls/second,milliseconds
1440003014,381668,8663.084184,3030.927432,91.593153,1810.317884,2897.309039,4318.978589,6293.112403,7152.521608,7515.513281,8645.119293,1129.153686,1105.107864,761.997026,359.543874,calls/second,milliseconds
1440003015,381684,8663.084184,3030.927432,91.593153,1810.317884,2897.309039,4318.978589,6293.112403,7152.521608,7515.513281,8645.119293,1125.869985,1105.107864,761.997026,359.543874,calls/second,milliseconds
1440003016,381713,8663.084184,3030.927432,91.593153,1810.317884,2897.309039,4318.978589,6293.112403,7152.521608,7515.513281,8645.119293,1122.643776,1125.375976,771.858006,365.078797,calls/second,milliseconds
1440003017,381744,8663.084184,3030.927432,91.593153,1810.317884,2897.309039,4318.978589,6293.112403,7152.521608,7515.513281,8645.119293,1119.442535,1125.375976,771.858006,365.078797,calls/second,milliseconds
1440003018,381780,8663.084184,3030.927432,91.593153,1810.317884,2897.309039,4318.978589,6293.112403,7152.521608,7515.513281,8645.119293,1116.274734,1125.375976,771.858006,365.078797,calls/second,milliseconds
1440003019,381809,8663.084184,3030.927432,91.593153,1810.317884,2897.309039,4318.978589,6293.112403,7152.521608,7515.513281,8645.119293,1113.104832,1125.375976,771.858006,365.078797,calls/second,milliseconds
1440003020,388235,8663.084184,3030.449057,91.593153,1790.254153,2885.343065,4310.949894,6223.816736,7128.483791,7515.513281,8645.119293,1128.549046,1125.375976,771.858006,365.078797,calls/second,milliseconds
1440003021,388236,8663.084184,3030.449057,91.593153,1790.254153,2885.343065,4310.949894,6223.816736,7128.483791,7515.513281,8645.119293,1125.280839,1139.705938,780.663457,370.283887,calls/second,milliseconds
1440003022,388236,8663.084184,3030.449057,91.593153,1790.254153,2885.343065,4310.949894,6223.816736,7128.483791,7515.513281,8645.119293,1122.028569,1139.705938,780.663457,370.283887,calls/second,milliseconds
1440003023,388616,8663.084184,3030.449057,91.593153,1790.254153,2885.343065,4310.949894,6223.816736,7128.483791,7515.513281,8645.119293,1119.888334,1139.705938,780.663457,370.283887,calls/second,milliseconds
1440003024,392582,8663.084184,2956.638691,87.922769,1782.961234,2787.413952,4233.590202,6169.814051,7128.483791,7515.513281,8645.119293,1128.067002,1139.705938,780.663457,370.283887,calls/second,milliseconds
1440003025,392623,8663.084184,2956.638691,87.922769,1782.961234,2787.413952,4233.590202,6169.814051,7128.483791,7515.513281,8645.119293,1124.951158,1139.705938,780.663457,370.283887,calls/second,milliseconds
1440003026,392648,8663.084184,2956.638691,87.922769,1782.961234,2787.413952,4233.590202,6169.814051,7128.483791,7515.513281,8645.119293,1121.811257,1119.132891,782.345014,373.121088,calls/second,milliseconds
1440003027,392674,8663.084184,2956.638691,87.922769,1782.961234,2787.413952,4233.590202,6169.814051,7128.483791,7515.513281,8645.119293,1118.688894,1119.132891,782.345014,373.121088,calls/second,milliseconds
1440003028,392714,8663.084184,2956.638691,87.922769,1782.961234,2787.413952,4233.590202,6169.814051,7128.483791,7515.513281,8645.119293,1115.622849,1119.132891,782.345014,373.121088,calls/second,milliseconds
1440003029,392803,8663.084184,2963.964702,87.922769,1783.579017,2803.501529,4259.434128,6169.814051,7128.483791,7515.513281,8645.119293,1112.715722,1119.132891,782.345014,373.121088,calls/second,milliseconds
1440003030,399566,8663.084184,2979.584686,87.922769,1795.124679,2803.501529,4314.758821,6084.130609,7128.483791,7515.513281,8645.119293,1128.677700,1119.132891,782.345014,373.121088,calls/second,milliseconds
1440003031,399607,8663.084184,2976.479711,87.922769,1796.054601,2797.014282,4314.758821,6084.130609,7128.483791,7515.513281,8645.119293,1125.612462,1140.934149,792.418419,378.764724,calls/second,milliseconds
1440003032,399642,8663.084184,2976.479711,87.922769,1796.054601,2797.014282,4314.758821,6084.130609,7128.483791,7515.513281,8645.119293,1122.548702,1140.934149,792.418419,378.764724,calls/second,milliseconds
1440003033,399683,8663.084184,2976.479711,87.922769,1796.054601,2797.014282,4314.758821,6084.130609,7128.483791,7515.513281,8645.119293,1119.519153,1140.934149,792.418419,378.764724,calls/second,milliseconds
1440003034,399721,8663.084184,2976.479711,87.922769,1796.054601,2797.014282,4314.758821,6084.130609,7128.483791,7515.513281,8645.119293,1116.498944,1140.934149,792.418419,378.764724,calls/second,milliseconds
1440003035,406304,8663.084184,2936.201399,87.922769,1758.102744,2761.770926,4298.071795,6004.050775,6849.785252,7313.525667,8645.119293,1131.725894,1140.934149,792.418419,378.764724,calls/second,milliseconds
1440003036,406476,8663.084184,2930.597979,87.922769,1760.526621,2754.644343,4298.071795,6004.050775,6849.785252,7313.525667,8645.119293,1129.059361,1159.553075,802.027811,384.277371,calls/second,milliseconds
1440003037,406523,8663.084184,2930.597979,87.922769,1760.526621,2754.644343,4298.071795,6004.050775,6849.785252,7313.525667,8645.119293,1126.063094,1159.553075,802.027811,384.277371,calls/second,milliseconds
1440003038,406551,8663.084184,2930.597979,87.922769,1760.526621,2754.644343,4298.071795,6004.050775,6849.785252,7313.525667,8645.119293,1123.029846,1159.553075,802.027811,384.277371,calls/second,milliseconds
1440003039,406588,8663.084184,2930.597979,87.922769,1760.526621,2754.644343,4298.071795,6004.050775,6849.785252,7313.525667,8645.119293,1120.038310,1159.553075,802.027811,384.277371,calls/second,milliseconds
1440003040,406621,8663.084184,2935.768979,87.922769,1761.659623,2761.770926,4300.049624,6004.050775,6849.785252,7313.525667,8645.119293,1117.051832,1159.553075,802.027811,384.277371,calls/second,milliseconds
1440003041,412984,8663.084184,2947.197637,87.922769,1745.223989,2790.551712,4298.071795,5943.944771,6662.213394,7224.029474,8645.119293,1131.424115,1170.910520,810.285013,389.359478,calls/second,milliseconds
1440003042,413438,8663.084184,2940.332821,87.922769,1745.133000,2778.644150,4296.337061,5943.944771,6662.213394,7224.029474,8645.119293,1129.572845,1170.910520,810.285013,389.359478,calls/second,milliseconds
1440003043,413452,8663.084184,2940.332821,87.922769,1745.133000,2778.644150,4296.337061,5943.944771,6662.213394,7224.029474,8645.119293,1126.533854,1170.910520,810.285013,389.359478,calls/second,milliseconds
1440003044,413452,8663.084184,2940.332821,87.922769,1745.133000,2778.644150,4296.337061,5943.944771,6662.213394,7224.029474,8645.119293,1123.472213,1170.910520,810.285013,389.359478,calls/second,milliseconds
1440003045,413452,8663.084184,2940.332821,87.922769,1745.133000,2778.644150,4296.337061,5943.944771,6662.213394,7224.029474,8645.119293,1120.427927,1170.910520,810.285013,389.359478,calls/second,milliseconds
1440003046,413452,8663.084184,2940.332821,87.922769,1745.133000,2778.644150,4296.337061,5943.944771,6662.213394,7224.029474,8645.119293,1117.399830,1084.773527,798.439252,387.720925,calls/second,milliseconds
1440003047,413452,8663.084184,2940.332821,87.922769,1745.133000,2778.644150,4296.337061,5943.944771,6662.213394,7224.029474,8645.119293,1114.388233,1084.773527,798.439252,387.720925,calls/second,milliseconds
1440003048,413494,8663.084184,2940.332821,87.922769,1745.133000,2778.644150,4296.337061,5943.944771,6662.213394,7224.029474,8645.119293,1111.503170,1084.773527,798.439252,387.720925,calls/second,milliseconds
1440003049,413502,8663.084184,2940.332821,87.922769,1745.133000,2778.644150,4296.337061,5943.944771,6662.213394,7224.029474,8645.119293,1108.547356,1084.773527,798.439252,387.720925,calls/second,milliseconds
1440003050,413610,8663.084184,2957.596300,87.922769,1764.086821,2786.731558,4300.049624,5980.861028,6891.201656,7493.240179,8645.275175,1105.870684,1084.773527,798.439252,387.720925,calls/second,milliseconds
1440003051,422817,8810.172655,3133.486996,87.922769,1959.368780,2896.113404,4462.606817,6961.605088,7732.253406,8048.640832,8805.907089,1127.473929,1147.796636,816.200179,395.949597,calls/second,milliseconds
1440003052,422852,8810.172655,3129.044484,87.922769,1958.415508,2891.275525,4450.360454,6961.605088,7732.253406,8048.640832,8805.907089,1124.569228,1147.796636,816.200179,395.949597,calls/second,milliseconds
1440003053,422885,8810.172655,3129.044484,87.922769,1958.415508,2891.275525,4450.360454,6961.605088,7732.253406,8048.640832,8805.907089,1121.673169,1147.796636,816.200179,395.949597,calls/second,milliseconds
1440003054,422915,8810.172655,3129.044484,87.922769,1958.415508,2891.275525,4450.360454,6961.605088,7732.253406,8048.640832,8805.907089,1118.785601,1147.796636,816.200179,395.949597,calls/second,milliseconds
1440003055,422952,8810.172655,3129.044484,87.922769,1958.415508,2891.275525,4450.360454,6961.605088,7732.253406,8048.640832,8805.907089,1115.931464,1147.796636,816.200179,395.949597,calls/second,milliseconds
1440003056,422984,8810.172655,3131.473469,87.922769,1958.374153,2896.113404,4450.360454,6961.605088,7732.253406,8048.640832,8805.907089,1113.079136,1058.694400,803.261630,393.941017,calls/second,milliseconds
1440003057,429628,8810.172655,3083.475423,87.922769,1949.714513,2787.413952,4412.186818,6773.416423,7683.320625,8048.640832,8805.907089,1127.595242,1058.694400,803.261630,393.941017,calls/second,milliseconds
1440003058,429660,8810.172655,3083.475423,87.922769,1949.714513,2787.413952,4412.186818,6773.416423,7683.320625,8048.640832,8805.907089,1124.727290,1058.694400,803.261630,393.941017,calls/second,milliseconds
1440003059,429703,8810.172655,3083.475423,87.922769,1949.714513,2787.413952,4412.186818,6773.416423,7683.320625,8048.640832,8805.907089,1121.903496,1058.694400,803.261630,393.941017,calls/second,milliseconds
1440003060,429756,8810.172655,3083.146569,87.922769,1949.818452,2787.413952,4412.186818,6773.416423,7683.320625,8048.640832,8805.907089,1119.119381,1058.694400,803.261630,393.941017,calls/second,milliseconds
1440003061,429783,8810.172655,3083.146569,87.922769,1949.818452,2787.413952,4412.186818,6773.416423,7683.320625,8048.640832,8805.907089,1116.283061,1082.769475,812.460400,399.292023,calls/second,milliseconds
1440003062,429803,8810.172655,3083.146569,87.922769,1949.818452,2787.413952,4412.186818,6773.416423,7683.320625,8048.640832,8805.907089,1113.443330,1082.769475,812.460400,399.292023,calls/second,milliseconds
1440003063,436086,8810.172655,3122.568285,95.690490,1936.213040,2893.556761,4510.788462,6668.289505,7615.233213,8039.161740,8800.985434,1126.800833,1082.769475,812.460400,399.292023,calls/second,milliseconds
1440003064,436555,8810.172655,3100.798549,95.690490,1926.638458,2877.791350,4464.325051,6615.019335,7599.645374,8039.161740,8800.985434,1125.105299,1082.769475,812.460400,399.292023,calls/second,milliseconds
1440003065,436569,8810.172655,3100.798549,95.690490,1926.638458,2877.791350,4464.325051,6615.019335,7599.645374,8039.161740,8800.985434,1122.249221,1082.769475,812.460400,399.292023,calls/second,milliseconds
1440003066,436604,8810.172655,3100.798549,95.690490,1926.638458,2877.791350,4464.325051,6615.019335,7599.645374,8039.161740,8800.985434,1119.461256,1105.271417,821.579853,404.637760,calls/second,milliseconds
1440003067,436634,8810.172655,3103.031201,95.690490,1925.403633,2879.547512,4464.325051,6615.019335,7599.645374,8039.161740,8800.985434,1116.675355,1105.271417,821.579853,404.637760,calls/second,milliseconds
1440003068,436678,8810.172655,3103.031201,95.690490,1925.403633,2879.547512,4464.325051,6615.019335,7599.645374,8039.161740,8800.985434,1113.938672,1105.271417,821.579853,404.637760,calls/second,milliseconds
1440003069,436716,8810.172655,3106.598688,95.690490,1926.161956,2883.306387,4474.385279,6615.019335,7599.645374,8039.161740,8800.985434,1111.201110,1105.271417,821.579853,404.637760,calls/second,milliseconds
1440003070,443663,8810.172655,3103.804446,95.690490,1919.053971,2890.809885,4510.788462,6385.232091,7599.645374,8039.161740,8800.985434,1126.010004,1105.271417,821.579853,404.637760,calls/second,milliseconds
1440003071,443699,8810.172655,3103.804446,95.690490,1919.053971,2890.809885,4510.788462,6385.232091,7599.645374,8039.161740,8800.985434,1123.251433,1130.355770,831.454340,410.257481,calls/second,milliseconds
1440003072,443720,8810.172655,3103.804446,95.690490,1919.053971,2890.809885,4510.788462,6385.232091,7599.645374,8039.161740,8800.985434,1120.468204,1130.355770,831.454340,410.257481,calls/second,milliseconds
1440003073,443757,8810.172655,3100.571732,95.690490,1916.294542,2890.809885,4502.236960,6351.043700,7599.645374,8039.161740,8800.985434,1117.738685,1130.355770,831.454340,410.257481,calls/second,milliseconds
1440003074,443789,8810.172655,3100.571732,95.690490,1916.294542,2890.809885,4502.236960,6351.043700,7599.645374,8039.161740,8800.985434,1115.012222,1130.355770,831.454340,410.257481,calls/second,milliseconds
1440003075,443830,8810.172655,3100.571732,95.690490,1916.294542,2890.809885,4502.236960,6351.043700,7599.645374,8039.161740,8800.985434,1112.320146,1130.355770,831.454340,410.257481,calls/second,milliseconds
1440003076,443904,8810.172655,3103.273924,95.690490,1917.443664,2895.647764,4510.788462,6351.043700,7599.645374,8039.161740,8800.985434,1109.724577,1043.175736,818.372750,408.206198,calls/second,milliseconds
1440003077,450618,8810.172655,3095.116888,95.690490,1919.455714,2930.668858,4464.325051,6306.094474,7599.645374,8039.161740,8800.985434,1123.698000,1043.175736,818.372750,408.206198,calls/second,milliseconds
1440003078,450647,8810.172655,3095.116888,95.690490,1919.455714,2930.668858,4464.325051,6306.094474,7599.645374,8039.161740,8800.985434,1120.977029,1043.175736,818.372750,408.206198,calls/second,milliseconds
1440003079,450684,8810.172655,3093.498698,95.690490,1919.617177,2922.819512,4464.325051,6306.094474,7599.645374,8039.161740,8800.985434,1118.287529,1043.175736,818.372750,408.206198,calls/second,milliseconds
1440003080,450706,8810.172655,3093.498698,95.690490,1919.617177,2922.819512,4464.325051,6306.094474,7599.645374,8039.161740,8800.985434,1115.574019,1043.175736,818.372750,408.206198,calls/second,milliseconds
1440003081,450706,8810.172655,3093.498698,95.690490,1919.617177,2922.819512,4464.325051,6306.094474,7599.645374,8039.161740,8800.985434,1112.818619,1068.619543,827.348201,413.487036,calls/second,milliseconds
1440003082,450706,8810.172655,3093.498698,95.690490,1919.617177,2922.819512,4464.325051,6306.094474,7599.645374,8039.161740,8800.985434,1110.078543,1068.619543,827.348201,413.487036,calls/second,milliseconds
1440003083,450725,8810.172655,3094.945655,95.690490,1921.640811,2922.819512,4464.325051,6320.533695,7599.645374,8039.161740,8800.985434,1107.397895,1068.619543,827.348201,413.487036,calls/second,milliseconds
1440003084,458621,8810.172655,3143.805419,95.690490,1933.786894,2949.853704,4536.148262,6658.781572,7579.166337,8039.161740,8800.985434,1124.035726,1068.619543,827.348201,413.487036,calls/second,milliseconds
1440003085,459048,8810.172655,3129.534477,95.690490,1937.877448,2930.668858,4510.788462,6658.781572,7579.166337,8039.161740,8800.985434,1122.331787,1068.619543,827.348201,413.487036,calls/second,milliseconds
1440003086,459087,8810.172655,3129.844132,95.690490,1937.587188,2930.668858,4510.788462,6658.781572,7579.166337,8039.161740,8800.985434,1119.689752,1117.198994,841.378487,420.482658,calls/second,milliseconds
1440003087,459110,8810.172655,3129.844132,95.690490,1937.587188,2930.668858,4510.788462,6658.781572,7579.166337,8039.161740,8800.985434,1117.021549,1117.198994,841.378487,420.482658,calls/second,milliseconds
1440003088,459145,8810.172655,3129.844132,95.690490,1937.587188,2930.668858,4510.788462,6658.781572,7579.166337,8039.161740,8800.985434,1114.395217,1117.198994,841.378487,420.482658,calls/second,milliseconds
1440003089,459199,8810.172655,3129.844132,95.690490,1937.587188,2930.668858,4510.788462,6658.781572,7579.166337,8039.161740,8800.985434,1111.827514,1117.198994,841.378487,420.482658,calls/second,milliseconds
1440003090,459199,8810.172655,3129.844132,95.690490,1937.587188,2930.668858,4510.788462,6658.781572,7579.166337,8039.161740,8800.985434,1109.142053,1117.198994,841.378487,420.482658,calls/second,milliseconds
1440003091,466687,8810.172655,3210.649509,95.690490,1945.906894,3026.765590,4680.105280,6658.781572,7497.952510,7990.726007,8800.985434,1124.512626,1096.330667,841.623465,422.896598,calls/second,milliseconds
1440003092,467233,8810.172655,3199.180714,95.690490,1950.881685,3021.812355,4657.125553,6658.781572,7497.952510,7990.726007,8800.985434,1123.121873,1096.330667,841.623465,422.896598,calls/second,milliseconds
1440003093,467276,8810.172655,3196.788683,95.690490,1951.651083,3021.343554,4657.125553,6658.781572,7497.952510,7990.726007,8800.985434,1120.531832,1096.330667,841.623465,422.896598,calls/second,milliseconds
1440003094,467311,8810.172655,3196.788683,95.690490,1951.651083,3021.343554,4657.125553,6658.781572,7497.952510,7990.726007,8800.985434,1117.934897,1096.330667,841.623465,422.896598,calls/second,milliseconds
1440003095,467394,8810.172655,3196.323562,95.690490,1951.647772,3017.352327,4657.125553,6658.781572,7497.952510,7990.726007,8800.985434,1115.464548,1096.330667,841.623465,422.896598,calls/second,milliseconds
1440003096,472347,8810.172655,3096.990594,94.397284,1935.650415,2889.268268,4436.148015,6499.710666,7396.675472,7879.999596,8800.985434,1124.601185,1152.257147,857.394616,430.502692,calls/second,milliseconds
1440003097,472392,8810.172655,3096.990594,94.397284,1935.650415,2889.268268,4436.148015,6499.710666,7396.675472,7879.999596,8800.985434,1122.037162,1152.257147,857.394616,430.502692,calls/second,milliseconds
1440003098,472438,8810.172655,3090.145472,94.397284,1934.438334,2885.071301,4414.819769,6499.710666,7396.675472,7879.999596,8800.985434,1119.487674,1152.257147,857.394616,430.502692,calls/second,milliseconds
1440003099,472456,8810.172655,3090.145472,94.397284,1934.438334,2885.071301,4414.819769,6499.710666,7396.675472,7879.999596,8800.985434,1116.883900,1152.257147,857.394616,430.502692,calls/second,milliseconds
1440003100,472486,8810.172655,3090.145472,94.397284,1934.438334,2885.071301,4414.819769,6499.710666,7396.675472,7879.999596,8800.985434,1114.320525,1152.257147,857.394616,430.502692,calls/second,milliseconds
1440003101,472513,8810.172655,3093.124094,94.397284,1935.251018,2885.501933,4423.633288,6499.710666,7396.675472,7879.999596,8800.985434,1111.762233,1062.782278,843.771878,428.301575,calls/second,milliseconds
1440003102,475464,8810.172655,3129.483329,94.397284,1929.610285,2935.462711,4534.263043,6474.067513,7396.675472,7879.999596,8800.985434,1116.084106,1062.782278,843.771878,428.301575,calls/second,milliseconds
1440003103,479417,8810.172655,3146.863712,94.397284,1935.370715,2979.422963,4559.763607,6456.005432,7396.675472,7879.999596,8800.985434,1122.723299,1062.782278,843.771878,428.301575,calls/second,milliseconds
1440003104,479467,8810.172655,3146.863712,94.397284,1935.370715,2979.422963,4559.763607,6456.005432,7396.675472,7879.999596,8800.985434,1120.216994,1062.782278,843.771878,428.301575,calls/second,milliseconds
1440003105,479509,8810.172655,3146.863712,94.397284,1935.370715,2979.422963,4559.763607,6456.005432,7396.675472,7879.999596,8800.985434,1117.703350,1062.782278,843.771878,428.301575,calls/second,milliseconds
1440003106,479536,8810.172655,3146.863712,94.397284,1935.370715,2979.422963,4559.763607,6456.005432,7396.675472,7879.999596,8800.985434,1115.167181,1090.112514,853.041551,433.710416,calls/second,milliseconds
1440003107,479536,8810.172655,3146.863712,94.397284,1935.370715,2979.422963,4559.763607,6456.005432,7396.675472,7879.999596,8800.985434,1112.579636,1090.112514,853.041551,433.710416,calls/second,milliseconds
1440003108,479536,8810.172655,3146.863712,94.397284,1935.370715,2979.422963,4559.763607,6456.005432,7396.675472,7879.999596,8800.985434,1110.004648,1090.112514,853.041551,433.710416,calls/second,milliseconds
1440003109,479536,8810.172655,3146.863712,94.397284,1935.370715,2979.422963,4559.763607,6456.005432,7396.675472,7879.999596,8800.985434,1107.441002,1090.112514,853.041551,433.710416,calls/second,milliseconds
1440003110,479557,8810.172655,3146.863712,94.397284,1935.370715,2979.422963,4559.763607,6456.005432,7396.675472,7879.999596,8800.985434,1104.937918,1090.112514,853.041551,433.710416,calls/second,milliseconds
1440003111,479666,8810.172655,3165.299741,94.397284,1960.498506,2985.678341,4578.737821,6633.261306,7622.640896,7971.736135,8800.985434,1102.648394,1005.030775,839.371757,431.451639,calls/second,milliseconds
1440003112,488062,8955.127106,3336.181190,94.397284,2063.008341,3099.890214,4833.274127,7084.495665,7797.609662,8048.640832,8953.989317,1119.375831,1005.030775,839.371757,431.451639,calls/second,milliseconds
1440003113,488109,8955.127106,3332.169686,94.397284,2064.290038,3094.853618,4833.274127,7084.495665,7797.609662,8048.640832,8953.989317,1116.921864,1005.030775,839.371757,431.451639,calls/second,milliseconds
1440003114,488154,8955.127106,3332.169686,94.397284,2064.290038,3094.853618,4833.274127,7084.495665,7797.609662,8048.640832,8953.989317,1114.474580,1005.030775,839.371757,431.451639,calls/second,milliseconds
1440003115,488186,8955.127106,3332.169686,94.397284,2064.290038,3094.853618,4833.274127,7084.495665,7797.609662,8048.640832,8953.989317,1112.009059,1005.030775,839.371757,431.451639,calls/second,milliseconds
1440003116,488212,8955.127106,3332.169686,94.397284,2064.290038,3094.853618,4833.274127,7084.495665,7797.609662,8048.640832,8953.989317,1109.540792,1061.333037,853.748753,438.530559,calls/second,milliseconds
1440003117,488237,8955.127106,3332.169686,94.397284,2064.290038,3094.853618,4833.274127,7084.495665,7797.609662,8048.640832,8953.989317,1107.081624,1061.333037,853.748753,438.530559,calls/second,milliseconds
1440003118,495016,8955.127106,3333.450927,94.397284,2059.667740,3154.630907,4819.395471,7077.783853,7797.609662,8048.640832,8953.989317,1119.913681,1061.333037,853.748753,438.530559,calls/second,milliseconds
1440003119,495049,8955.127106,3333.450927,94.397284,2059.667740,3154.630907,4819.395471,7077.783853,7797.609662,8048.640832,8953.989317,1117.460191,1061.333037,853.748753,438.530559,calls/second,milliseconds
1440003120,495079,8955.127106,3333.467286,94.397284,2059.660089,3154.630907,4819.395471,7077.783853,7797.609662,8048.640832,8953.989317,1115.011079,1061.333037,853.748753,438.530559,calls/second,milliseconds
1440003121,495110,8955.127106,3333.467286,94.397284,2059.660089,3154.630907,4819.395471,7077.783853,7797.609662,8048.640832,8953.989317,1112.575094,1086.748276,862.433698,443.742010,calls/second,milliseconds
1440003122,499999,8955.127106,3279.216484,70.857876,2052.043216,3093.415100,4705.386636,7077.783853,7797.609662,8048.640832,8953.989317,1121.042231,1086.748276,862.433698,443.742010,calls/second,milliseconds
